PID,Rep,L_Midfoot_X,L_Midfoot_Y,L_Midfoot_Z,R_Midfoot_X,R_Midfoot_Y,R_Midfoot_Z,R_Hip_X,R_Hip_Y,R_Hip_Z,R_Knee_X,R_Knee_Y,R_Knee_Z,R_Ankle_X,R_Ankle_Y,R_Ankle_Z,L_Hip_X,L_Hip_Y,L_Hip_Z,L_Knee_X,L_Knee_Y,L_Knee_Z,L_Ankle_X,L_Ankle_Y,L_Ankle_Z,R_KneeAngle_X,R_KneeAngle_Y,R_KneeAngle_Z,L_KneeAngle_X,L_KneeAngle_Y,L_KneeAngle_Z
mP001,1,0.035715,0.231978,0.022822,0.033128,-0.179897,0.021311,-0.26454,-0.099788,0.497876,0.098233,-0.172665,0.36309,-0.067749,-0.153478,0.085055,-0.270576,0.166191,0.501474,0.108731,0.234205,0.347855,-0.062196,0.214243,0.084372,14.057967,98.817413,1.373325,-16.479242,97.365479,-0.281291
mP001,2,0.035684,0.230915,0.022315,0.033381,-0.178819,0.02171,-0.2723,-0.090782,0.486435,0.096557,-0.158357,0.363896,-0.067806,-0.151811,0.084711,-0.273869,0.178179,0.486189,0.115293,0.219272,0.34371,-0.062271,0.213498,0.083883,14.173625,100.190605,1.118251,-16.865242,99.979851,0.20668
mP001,3,0.036116,0.232724,0.022808,0.033485,-0.180332,0.022677,-0.280359,-0.082955,0.474383,0.091382,-0.157363,0.365807,-0.06806,-0.150217,0.083661,-0.284228,0.185147,0.474241,0.110347,0.224616,0.34602,-0.062498,0.214884,0.083194,14.290977,101.17556,0.815704,-17.068478,101.147545,0.474129
mP001,4,0.035448,0.235183,0.023646,0.032812,-0.180447,0.023396,-0.283605,-0.089318,0.470917,0.090863,-0.153286,0.365158,-0.069329,-0.151787,0.084087,-0.292108,0.178877,0.475018,0.102585,0.226773,0.349379,-0.063637,0.216429,0.082975,14.373161,101.799744,0.617641,-16.957949,100.505394,0.342759
mP001,5,0.03579,0.234595,0.024096,0.033056,-0.178818,0.022147,-0.278567,-0.100914,0.477337,0.094598,-0.152118,0.363745,-0.068651,-0.1517,0.084257,-0.296369,0.166807,0.481378,0.096741,0.222208,0.352728,-0.063725,0.214593,0.082285,14.504962,101.158546,-0.206854,-16.761415,98.746597,0.483483
mP001,6,0.036637,0.233196,0.022474,0.033891,-0.176848,0.02121,-0.254169,-0.101776,0.497629,0.111215,-0.14798,0.356427,-0.066238,-0.149367,0.08568,-0.270282,0.167355,0.499993,0.112094,0.227763,0.34634,-0.061069,0.213352,0.083705,14.133704,99.74707,1.205523,-16.404551,97.717804,-1.044589
mP001,7,0.036684,0.23408,0.022504,0.03296,-0.179163,0.020962,-0.260787,-0.099738,0.47815,0.108614,-0.162903,0.357418,-0.067085,-0.152269,0.08581,-0.269745,0.168153,0.481511,0.117798,0.223404,0.342024,-0.061011,0.212889,0.083299,14.217221,102.800591,1.556321,-16.834291,100.636887,-0.351325
mP001,8,0.035984,0.235488,0.022649,0.032415,-0.178915,0.021099,-0.259469,-0.099972,0.483118,0.1096,-0.154392,0.356165,-0.067855,-0.152438,0.085769,-0.272431,0.167868,0.488365,0.112905,0.230274,0.344643,-0.062063,0.21649,0.083601,14.332355,101.962814,0.848707,-16.705191,99.455322,-0.320114
mP001,9,0.036423,0.233724,0.022383,0.033263,-0.177896,0.020915,-0.251203,-0.102984,0.496611,0.114419,-0.14969,0.354344,-0.066639,-0.151008,0.085985,-0.263588,0.166696,0.498861,0.119714,0.216268,0.341523,-0.06131,0.215125,0.08396,14.328407,100.102478,0.278751,-16.731955,98.184769,0.736916
mP001,10,0.036605,0.235342,0.022886,0.032732,-0.178861,0.021397,-0.262658,-0.091826,0.482808,0.107795,-0.139652,0.35655,-0.068117,-0.152204,0.085086,-0.28167,0.176201,0.489135,0.106273,0.236897,0.348572,-0.061601,0.214916,0.083116,14.497509,101.301163,-0.119089,-16.590544,98.800049,-0.563435
mP003,1,-0.086722,0.263655,0.015319,-0.086032,-0.247304,0.016418,-0.345549,-0.136052,0.438927,0.025944,-0.276645,0.400179,-0.169121,-0.172065,0.094714,-0.336602,0.127386,0.417359,0.012414,0.289423,0.421333,-0.162236,0.187217,0.095893,5.240245,118.963234,-1.58691,-8.76671,121.894386,-2.447111
mP003,2,-0.08586,0.262262,0.014489,-0.086607,-0.247077,0.015794,-0.323029,-0.129695,0.40964,0.041896,-0.288761,0.389158,-0.166961,-0.172667,0.097655,-0.311522,0.133435,0.391228,0.037736,0.294434,0.408866,-0.155364,0.183262,0.097948,5.153957,124.815056,-1.513408,-9.121328,127.409203,-2.192405
mP003,3,-0.085235,0.26226,0.014407,-0.08644,-0.246257,0.015834,-0.306708,-0.133904,0.415405,0.057455,-0.291078,0.380325,-0.16452,-0.172443,0.100391,-0.301233,0.128738,0.398997,0.04533,0.296667,0.406357,-0.151432,0.18186,0.099207,5.642087,125.116348,-2.228457,-9.508891,126.766426,-1.650641
mP003,4,-0.085845,0.262101,0.014594,-0.085592,-0.246794,0.015307,-0.309303,-0.139429,0.394817,0.055352,-0.297772,0.376883,-0.163426,-0.170759,0.098105,-0.302911,0.123666,0.379139,0.04421,0.290466,0.406722,-0.152611,0.180754,0.098033,5.99797,127.435143,-2.678459,-9.191132,129.356583,-2.206248
mP003,5,-0.085583,0.262843,0.014882,-0.085181,-0.247521,0.015475,-0.320021,-0.137845,0.386789,0.04381,-0.300514,0.382831,-0.164099,-0.170504,0.096315,-0.310385,0.125604,0.370021,0.036712,0.289903,0.409559,-0.152237,0.179164,0.096075,5.582806,127.811378,-2.121905,-9.72772,129.755249,-1.593737
mP003,6,-0.085655,0.262603,0.01453,-0.085845,-0.247859,0.01512,-0.314786,-0.136042,0.386452,0.04933,-0.298586,0.379905,-0.162783,-0.169351,0.096435,-0.302006,0.127533,0.36816,0.047032,0.288962,0.404754,-0.149407,0.177665,0.09674,5.774989,128.131577,-2.370204,-10.026777,130.627335,-1.315527
mP003,7,-0.085842,0.263317,0.014893,-0.08612,-0.248028,0.015223,-0.312572,-0.134974,0.385441,0.050916,-0.297202,0.379569,-0.162572,-0.169444,0.096921,-0.305737,0.127789,0.36821,0.041508,0.292809,0.407251,-0.150017,0.178718,0.097124,6.035356,128.407532,-2.701509,-10.028922,130.442871,-1.297536
mP003,8,-0.086213,0.263613,0.014648,-0.086169,-0.246697,0.014734,-0.302674,-0.138956,0.385135,0.061355,-0.299274,0.37343,-0.15781,-0.165743,0.098454,-0.297601,0.123393,0.367879,0.045619,0.296015,0.404714,-0.147501,0.177462,0.097467,7.19898,128.970139,-4.150821,-10.105798,130.774155,-1.238031
mP003,9,-0.086449,0.265395,0.016042,-0.086082,-0.248259,0.016024,-0.329831,-0.137229,0.366587,0.037672,-0.289679,0.388057,-0.161176,-0.164625,0.093878,-0.323602,0.125904,0.350628,0.017015,0.296239,0.41626,-0.15318,0.179127,0.094413,7.348975,129.344971,-4.307574,-9.755896,131.25676,-1.670832
mP003,10,-0.08647,0.264234,0.015119,-0.086821,-0.248586,0.01541,-0.315642,-0.137799,0.371674,0.049937,-0.296767,0.379367,-0.159282,-0.164915,0.095681,-0.30678,0.125551,0.356844,0.038872,0.291208,0.408409,-0.148744,0.177002,0.09605,7.106796,129.761978,-3.978098,-10.400297,131.657288,-0.989436
mP006,1,0.063337,0.19004,0.017691,0.055302,-0.23247,0.017124,-0.261588,-0.155201,0.596023,0.09397,-0.194463,0.42572,-0.055137,-0.202664,0.075919,-0.247854,0.119097,0.590782,0.112312,0.145358,0.407469,-0.042377,0.167755,0.074084,4.89703,85.434814,2.058733,-6.740635,87.682434,1.814468
mP006,2,0.063962,0.190528,0.015788,0.056043,-0.232968,0.013453,-0.236629,-0.153384,0.599893,0.114414,-0.182035,0.418368,-0.051542,-0.200748,0.076138,-0.225589,0.120624,0.596975,0.129164,0.141502,0.400908,-0.040374,0.166685,0.074078,4.847574,86.135574,1.470822,-6.749114,87.841965,1.581313
mP006,3,0.063938,0.190261,0.016916,0.05626,-0.231285,0.015104,-0.259038,-0.14937,0.594165,0.098563,-0.166418,0.422176,-0.053555,-0.200393,0.074505,-0.250428,0.122984,0.597856,0.109861,0.133327,0.407803,-0.041867,0.167773,0.073057,4.820605,85.423546,-0.376572,-6.638403,86.154121,3.176963
mP006,4,0.063243,0.190455,0.017131,0.056244,-0.232452,0.015157,-0.266559,-0.15767,0.586101,0.096307,-0.178565,0.424355,-0.053437,-0.201253,0.074646,-0.25267,0.114693,0.582111,0.112322,0.134673,0.406193,-0.04244,0.1683,0.073634,4.808162,86.7668,-0.053552,-6.770008,88.861679,2.534251
mP006,5,0.063298,0.192015,0.017463,0.056135,-0.234235,0.015322,-0.260011,-0.158134,0.577849,0.101451,-0.197176,0.423287,-0.05278,-0.201803,0.075554,-0.253499,0.116617,0.571585,0.115157,0.147756,0.405979,-0.042097,0.168697,0.074036,4.751144,88.605347,1.005308,-6.81779,90.911713,1.714363
mP006,6,0.064098,0.192067,0.016446,0.055802,-0.234497,0.014126,-0.24986,-0.165524,0.583475,0.109003,-0.192277,0.420854,-0.051917,-0.201456,0.076151,-0.247072,0.108835,0.583414,0.11606,0.142059,0.406429,-0.040986,0.167951,0.07326,4.787455,88.311584,-0.321863,-6.768851,88.773476,1.543053
mP006,7,0.064122,0.192232,0.016593,0.056409,-0.234598,0.014214,-0.253163,-0.162759,0.590285,0.103418,-0.198298,0.423417,-0.051735,-0.201365,0.07539,-0.24304,0.111595,0.584393,0.118149,0.145023,0.405568,-0.040948,0.167667,0.073242,4.813254,86.730438,0.519048,-6.767133,88.710472,1.645256
mP006,8,0.063526,0.191584,0.016489,0.056005,-0.234732,0.014426,-0.259739,-0.154548,0.57057,0.10576,-0.190881,0.422006,-0.052002,-0.201232,0.0757,-0.245735,0.118733,0.566755,0.123146,0.136513,0.401901,-0.041473,0.168241,0.073783,4.753778,89.972023,-0.094733,-6.8759,91.98761,2.339231
mP006,9,0.064208,0.191833,0.016593,0.056851,-0.235119,0.014388,-0.260992,-0.151959,0.583191,0.101111,-0.182644,0.423949,-0.051672,-0.201821,0.074855,-0.248618,0.120943,0.578545,0.117158,0.135709,0.405262,-0.041186,0.168316,0.073085,4.799139,87.371994,-0.325892,-6.797445,89.502678,2.823113
mP006,10,0.063887,0.192108,0.016425,0.056037,-0.234758,0.01453,-0.259238,-0.152438,0.571384,0.106006,-0.184433,0.421164,-0.052377,-0.201941,0.075453,-0.24837,0.120917,0.568167,0.1208,0.143122,0.40379,-0.041093,0.168212,0.073525,4.753287,89.79158,0.004718,-6.854056,91.619789,2.140904
mV007,1,-0.05101,0.150155,0.014805,-0.04632,-0.193193,0.016277,-0.365217,-0.175513,0.564039,0.079854,-0.215187,0.3687,-0.161678,-0.137156,0.096502,-0.321135,0.124453,0.536253,0.1117,0.13221,0.395465,-0.150828,0.102938,0.100922,-1.170236,102.019524,-12.526859,-2.911788,104.152809,-2.70481
mV007,2,-0.049008,0.149011,0.013734,-0.043848,-0.195266,0.017431,-0.378213,-0.164415,0.499411,0.081455,-0.217359,0.365132,-0.158855,-0.131675,0.092354,-0.327466,0.136082,0.47317,0.117064,0.135552,0.389485,-0.148979,0.099277,0.098242,-0.176191,108.689575,-12.24288,-2.267324,111.772446,-2.003824
mV007,3,-0.0481,0.150765,0.01415,-0.04385,-0.196838,0.017417,-0.385547,-0.153712,0.486182,0.077148,-0.214325,0.368124,-0.158171,-0.129495,0.090078,-0.328702,0.145468,0.465746,0.117432,0.132174,0.390255,-0.147094,0.095538,0.096365,0.265094,109.610306,-13.089371,-3.019753,111.597466,-0.162346
mV007,4,-0.049912,0.152434,0.014652,-0.046169,-0.199983,0.017452,-0.380784,-0.157998,0.517425,0.075365,-0.214965,0.369783,-0.159107,-0.132117,0.09177,-0.332224,0.141088,0.487423,0.111463,0.138849,0.394215,-0.148408,0.097607,0.097729,-0.092531,106.207603,-13.939844,-3.147382,109.034813,-0.356795
mV007,5,-0.04892,0.152992,0.014679,-0.046032,-0.20226,0.017664,-0.385605,-0.157363,0.494696,0.073821,-0.220927,0.368581,-0.157427,-0.130108,0.090252,-0.334108,0.142484,0.470937,0.111836,0.13917,0.393432,-0.147134,0.095038,0.095948,0.104284,108.313126,-13.300793,-3.059693,110.589523,-0.263705
mV007,6,-0.048253,0.153333,0.014999,-0.04629,-0.203773,0.017706,-0.384289,-0.155452,0.497602,0.074681,-0.218077,0.369225,-0.155811,-0.12855,0.090028,-0.335109,0.144679,0.4755,0.110496,0.143751,0.394694,-0.146545,0.095579,0.096316,0.215266,107.855774,-13.915252,-3.096796,109.919395,-0.305322
mV007,7,-0.046092,0.151609,0.01414,-0.042941,-0.204118,0.017417,-0.37683,-0.172037,0.471461,0.084484,-0.229577,0.358392,-0.154735,-0.130709,0.088106,-0.325742,0.128386,0.450951,0.119545,0.151416,0.388256,-0.143823,0.093347,0.09577,0.713055,110.775581,-13.734708,-2.527825,113.490875,-0.938594
mV007,8,-0.046109,0.152364,0.014196,-0.046245,-0.203433,0.016912,-0.364578,-0.161691,0.479153,0.093371,-0.218853,0.353781,-0.152173,-0.124369,0.090479,-0.320437,0.13945,0.454928,0.125987,0.14112,0.381946,-0.144446,0.093681,0.094791,1.070806,110.919991,-14.608262,-2.727935,113.024666,-0.577291
mV007,9,-0.046522,0.153482,0.014995,-0.045049,-0.205049,0.017936,-0.379643,-0.163933,0.468215,0.082053,-0.225328,0.360119,-0.153169,-0.126117,0.08839,-0.330083,0.136798,0.454466,0.117772,0.125923,0.389987,-0.143801,0.092165,0.09491,0.91369,111.026001,-14.13684,-3.2765,112.530876,0.629051
mV007,10,-0.044682,0.153429,0.013985,-0.045636,-0.204813,0.017465,-0.364756,-0.160522,0.486179,0.091375,-0.220687,0.35495,-0.152897,-0.126266,0.089643,-0.314812,0.139736,0.466486,0.129348,0.144761,0.382032,-0.140911,0.093134,0.095924,1.002522,109.847946,-15.044595,-3.057934,111.686691,-0.049528
mV008,1,-0.022631,0.190562,0.027799,-0.017693,-0.251771,0.025146,-0.36407,-0.145182,0.628082,0.049636,-0.214414,0.466369,-0.130326,-0.185036,0.097635,-0.337934,0.12531,0.611876,0.067331,0.175288,0.454664,-0.133687,0.124891,0.09405,9.256476,93.950569,1.712645,-8.379056,90.829445,-3.213258
mV008,2,-0.022344,0.191079,0.02769,-0.018339,-0.253148,0.022784,-0.356979,-0.158048,0.58269,0.068093,-0.229189,0.456759,-0.126431,-0.182521,0.098432,-0.333705,0.114603,0.563186,0.079225,0.184578,0.447697,-0.127476,0.115504,0.093043,9.538396,101.479965,2.822436,-8.007195,97.822281,-4.731389
mV008,3,-0.010792,0.182269,0.027069,-0.018671,-0.255162,0.022596,-0.348517,-0.158419,0.622541,0.061434,-0.240283,0.459274,-0.126908,-0.184583,0.098081,-0.322123,0.114252,0.60164,0.084629,0.169674,0.450464,-0.121773,0.116351,0.093202,9.280828,95.687927,2.448956,-8.292146,92.579369,-4.20063
mV008,4,-0.012215,0.185181,0.027589,-0.020165,-0.258129,0.02363,-0.36189,-0.150613,0.600908,0.056543,-0.233378,0.460001,-0.127065,-0.182746,0.096323,-0.34051,0.122756,0.583879,0.073248,0.181103,0.452901,-0.121973,0.11535,0.091715,9.443956,97.900497,2.197733,-8.193013,94.135452,-4.699614
mV008,5,-0.012327,0.185452,0.028243,-0.023569,-0.261965,0.023329,-0.359176,-0.15748,0.611405,0.056007,-0.233877,0.459153,-0.130507,-0.18667,0.096059,-0.341896,0.115251,0.597749,0.0697,0.17302,0.455345,-0.123692,0.117422,0.09153,9.473307,96.490967,1.348056,-8.328393,92.006912,-3.830352
mV008,6,-0.012072,0.185059,0.027845,-0.023492,-0.262196,0.021776,-0.343984,-0.169074,0.615459,0.066856,-0.247321,0.454488,-0.128619,-0.187645,0.097837,-0.3261,0.104652,0.598441,0.081332,0.169868,0.45042,-0.121854,0.114944,0.09162,9.452229,96.965279,1.741248,-8.305192,92.533043,-3.936284
mV008,7,-0.011777,0.184883,0.027188,-0.024345,-0.261412,0.021377,-0.327161,-0.163373,0.624178,0.077357,-0.245099,0.449069,-0.127654,-0.185594,0.098665,-0.309305,0.109846,0.611997,0.092337,0.167821,0.445897,-0.119578,0.112947,0.092299,9.369633,96.62262,2.172291,-8.37592,91.162636,-2.948584
mV008,8,-0.010274,0.184956,0.027192,-0.014328,-0.260855,0.021893,-0.326273,-0.15712,0.610111,0.083859,-0.240012,0.450154,-0.11728,-0.183083,0.097702,-0.31043,0.116291,0.59951,0.095123,0.175331,0.444339,-0.115574,0.10911,0.091958,9.44459,98.132843,2.282159,-8.337172,92.736023,-3.088469
mV008,9,-0.011611,0.184462,0.027572,-0.005927,-0.264986,0.022392,-0.329108,-0.171345,0.622202,0.080518,-0.246774,0.455523,-0.109802,-0.187079,0.096791,-0.310339,0.101075,0.607295,0.094152,0.156339,0.445556,-0.117437,0.10868,0.091552,9.42862,95.474785,1.093271,-8.37902,91.638649,-2.504712
mV008,10,-0.01115,0.183781,0.027806,-0.005975,-0.267249,0.023318,-0.333506,-0.169934,0.641159,0.071944,-0.241731,0.45974,-0.114301,-0.194717,0.096796,-0.3115,0.101192,0.624635,0.088833,0.150717,0.449247,-0.118113,0.109365,0.091498,9.19202,92.610512,1.424903,-8.387,88.661186,-0.911288
mV014,1,0.061153,0.217524,0.016128,0.059897,-0.244573,0.022613,-0.17241,-0.15921,0.381475,0.158078,-0.287553,0.353411,-0.035694,-0.207899,0.085258,-0.195944,0.118012,0.38234,0.138043,0.248773,0.370598,-0.027805,0.169453,0.084582,0.389048,117.018379,3.246531,-3.643524,118.081978,-8.970722
mV014,2,0.061556,0.216535,0.015359,0.060188,-0.248949,0.026205,-0.18625,-0.151526,0.374313,0.127042,-0.317856,0.365103,-0.03656,-0.209242,0.085113,-0.181429,0.124663,0.369236,0.15524,0.241361,0.362045,-0.026615,0.168635,0.084941,0.42749,116.900887,3.207964,-3.61788,120.910606,-8.231419
mV014,3,0.06055,0.221579,0.015217,0.061617,-0.24549,0.02225,-0.16495,-0.153384,0.370686,0.166142,-0.282392,0.349711,-0.032818,-0.205553,0.084653,-0.181103,0.123375,0.369948,0.154225,0.249323,0.361701,-0.025103,0.169343,0.084824,0.981515,118.449471,1.72537,-3.922291,120.726601,-7.778034
mV014,4,0.060366,0.224314,0.016045,0.061454,-0.248006,0.020536,-0.150674,-0.171316,0.353186,0.177367,-0.303064,0.337391,-0.02945,-0.205425,0.086342,-0.177915,0.101776,0.358429,0.132498,0.271728,0.370848,-0.02535,0.172105,0.085595,0.611746,122.553062,1.40981,-3.315855,122.120766,-8.404355
mV014,5,0.060891,0.223427,0.015369,0.063455,-0.248578,0.021188,-0.142707,-0.167477,0.350582,0.171969,-0.323707,0.336033,-0.026104,-0.202448,0.086444,-0.167121,0.104972,0.355956,0.141612,0.277217,0.364675,-0.022927,0.169972,0.086273,0.496423,122.86573,1.519802,-2.647034,123.517303,-9.046376
mV014,6,0.060366,0.222566,0.013904,0.06311,-0.248609,0.019139,-0.13242,-0.160194,0.363184,0.190639,-0.30166,0.329244,-0.023537,-0.199248,0.085943,-0.154536,0.115602,0.358069,0.172453,0.260636,0.351053,-0.020549,0.168585,0.087721,0.463379,121.481857,1.891128,-3.89287,124.290924,-7.057561
mV014,7,0.06108,0.223623,0.014807,0.062171,-0.250377,0.019757,-0.12399,-0.161635,0.358837,0.197015,-0.303576,0.32486,-0.022755,-0.199075,0.087305,-0.155744,0.112528,0.365765,0.170143,0.260002,0.35239,-0.019145,0.165977,0.086579,0.725455,122.553017,1.232398,-4.086152,122.532013,-7.121231
mV014,8,0.061428,0.22462,0.014817,0.06272,-0.249901,0.019783,-0.115195,-0.164257,0.367348,0.199113,-0.314804,0.323099,-0.019587,-0.198748,0.090606,-0.149588,0.107567,0.369411,0.162288,0.277698,0.354036,-0.018301,0.167534,0.087581,1.217183,121.94194,0.578033,-3.599773,122.267433,-7.928212
mV014,9,0.061199,0.225378,0.014827,0.063743,-0.253505,0.022291,-0.154051,-0.163266,0.360688,0.158437,-0.328163,0.34291,-0.02412,-0.200443,0.084514,-0.161616,0.110725,0.354803,0.158535,0.262883,0.359128,-0.020328,0.16869,0.085891,0.835877,120.185646,1.573924,-4.233757,123.545792,-6.703186
mV014,10,0.061646,0.226451,0.015898,0.06374,-0.253247,0.022874,-0.152693,-0.158558,0.363296,0.153154,-0.33124,0.345781,-0.023802,-0.19931,0.084796,-0.173774,0.112923,0.363038,0.131009,0.290967,0.366638,-0.020862,0.170187,0.086162,0.801255,119.64109,1.761888,-4.118377,121.515129,-7.28287
mV018,1,-0.081022,0.230581,0.014755,-0.068217,-0.209496,0.018172,-0.415836,-0.121051,0.416414,0.015697,-0.21352,0.422869,-0.191673,-0.173135,0.086126,-0.400639,0.139663,0.4172,0.024161,0.220922,0.430375,-0.187716,0.19605,0.089339,4.868891,124.938385,4.971648,-5.904958,125.585487,-1.438738
mV018,2,-0.078714,0.227863,0.013346,-0.067896,-0.203867,0.015649,-0.360146,-0.1285,0.487554,0.064792,-0.207001,0.393478,-0.18804,-0.168545,0.089804,-0.354182,0.13337,0.491682,0.062195,0.21797,0.408344,-0.183533,0.194697,0.09114,4.242902,118.895027,6.319602,-5.455225,117.606598,-1.514086
mV018,3,-0.081131,0.23113,0.015203,-0.068686,-0.209293,0.019121,-0.430058,-0.11532,0.438456,0.001063,-0.216115,0.430097,-0.192583,-0.171331,0.085376,-0.407306,0.145926,0.435829,0.017183,0.224933,0.433364,-0.1888,0.198231,0.089121,5.03442,121.045662,4.875421,-6.071206,122.748146,-0.961192
mV018,4,-0.080381,0.231738,0.01412,-0.068873,-0.208847,0.017867,-0.406121,-0.103149,0.423996,0.023569,-0.205962,0.418535,-0.190196,-0.165826,0.085772,-0.386387,0.156906,0.425471,0.03883,0.230251,0.421103,-0.18635,0.196931,0.089605,5.079634,124.167198,4.706016,-6.569051,125.323669,-0.533301
mV018,5,-0.080346,0.230843,0.013566,-0.069356,-0.206536,0.016582,-0.38431,-0.112769,0.447179,0.047797,-0.194585,0.404466,-0.1896,-0.165857,0.087771,-0.374096,0.147479,0.447087,0.049586,0.224741,0.414938,-0.185529,0.195328,0.089817,4.920841,122.831116,4.977475,-6.14803,122.938667,-0.867609
mV018,6,-0.079776,0.231198,0.013662,-0.069966,-0.208773,0.017537,-0.400858,-0.110507,0.414969,0.032802,-0.198426,0.411885,-0.190999,-0.165597,0.08586,-0.37947,0.148291,0.414359,0.048153,0.209185,0.41653,-0.184783,0.193424,0.089065,5.155246,125.876717,4.564216,-7.080464,127.000046,-0.07371
mV018,7,-0.079005,0.23017,0.013404,-0.073641,-0.206144,0.016653,-0.3823,-0.104855,0.423974,0.050437,-0.189948,0.398736,-0.193432,-0.16277,0.087009,-0.366311,0.153825,0.425639,0.060963,0.212591,0.407826,-0.184351,0.192708,0.088489,4.624772,125.975899,5.25489,-6.963743,125.83696,-0.074434
mV018,8,-0.09601,0.227614,0.013608,-0.08729,-0.207701,0.018188,-0.411689,-0.126073,0.41262,0.022262,-0.209501,0.406035,-0.207157,-0.161788,0.086781,-0.3944,0.133869,0.414202,0.031116,0.206389,0.416963,-0.201278,0.190591,0.08902,5.334447,126.810745,4.319997,-6.690975,126.928658,-0.553591
mV018,9,-0.095393,0.227941,0.013646,-0.088647,-0.205157,0.017077,-0.408644,-0.124731,0.407765,0.025504,-0.208833,0.403161,-0.207697,-0.158312,0.086458,-0.387114,0.13532,0.406236,0.037176,0.207486,0.413456,-0.19983,0.188318,0.088891,5.388062,127.569603,4.247302,-6.853269,128.192871,-0.495603
mV018,10,-0.095866,0.230941,0.014237,-0.08889,-0.206166,0.017376,-0.405451,-0.128072,0.391041,0.028871,-0.201434,0.40008,-0.208731,-0.160399,0.086113,-0.398075,0.132147,0.397303,0.023418,0.220274,0.421214,-0.202411,0.195013,0.088373,5.221759,129.867264,4.426675,-5.958758,128.637436,-1.604263
mV020,1,0.030892,0.222997,0.00872,0.052362,-0.216205,0.011848,-0.293355,-0.136053,0.536091,0.123817,-0.198985,0.440723,-0.071575,-0.171979,0.091615,-0.259224,0.169832,0.521507,0.137993,0.230687,0.440689,-0.086208,0.205842,0.098816,13.834527,102.004494,2.751281,-5.452353,114.382553,-3.556777
mV020,2,0.032291,0.224829,0.009404,0.052124,-0.218342,0.011776,-0.28439,-0.147338,0.555446,0.126754,-0.209761,0.438911,-0.070246,-0.170887,0.092108,-0.255778,0.157053,0.528527,0.136078,0.233639,0.442754,-0.084529,0.201246,0.098405,13.894249,99.515823,2.260418,-5.82777,112.919304,-2.808036
mV020,3,0.032767,0.226115,0.010643,0.050916,-0.224662,0.01294,-0.297839,-0.156425,0.545473,0.115503,-0.223711,0.442694,-0.070654,-0.172051,0.091247,-0.270342,0.147234,0.515086,0.124605,0.226946,0.448382,-0.085482,0.200302,0.097102,13.936872,99.949638,1.973869,-5.84073,113.905731,-2.662376
mV020,4,0.0323,0.230302,0.00796,0.050753,-0.227748,0.009675,-0.268278,-0.151748,0.512951,0.141379,-0.24255,0.42961,-0.064564,-0.169785,0.09347,-0.239112,0.148366,0.48666,0.150112,0.251921,0.434426,-0.080471,0.199102,0.099793,14.155187,106.249474,1.524558,-5.623605,119.827362,-2.568457
mV020,5,0.03239,0.231737,0.008773,0.049623,-0.231966,0.011028,-0.284363,-0.146213,0.509405,0.126566,-0.240477,0.43547,-0.065678,-0.168717,0.090931,-0.251582,0.153618,0.48117,0.142715,0.243706,0.437803,-0.081836,0.198437,0.098034,14.29728,105.200645,0.786711,-6.083159,119.711456,-1.704124
mV020,6,0.032456,0.229494,0.007676,0.049192,-0.233165,0.010138,-0.280501,-0.146163,0.490275,0.130546,-0.249177,0.432386,-0.064174,-0.168036,0.09129,-0.241966,0.152708,0.459589,0.154708,0.236912,0.431356,-0.080333,0.195077,0.098331,14.233487,108.326279,1.464815,-6.206281,123.282631,-1.34949
mV020,7,0.03205,0.229454,0.007154,0.047921,-0.235742,0.010314,-0.275603,-0.13114,0.46025,0.130141,-0.256305,0.431631,-0.062876,-0.166396,0.091519,-0.234625,0.16499,0.429322,0.161667,0.252104,0.426014,-0.079074,0.194004,0.099451,13.701139,112.964859,3.322542,-6.285781,128.124451,-1.116938
mV020,8,0.032221,0.230859,0.006961,0.046795,-0.238538,0.01004,-0.270804,-0.129481,0.477314,0.135213,-0.248867,0.429681,-0.062015,-0.165685,0.090861,-0.235013,0.167034,0.447822,0.159486,0.262451,0.426027,-0.078528,0.194502,0.099356,14.372258,110.252701,1.232658,-6.227969,125.481163,-1.255796
mV020,9,0.032355,0.232506,0.008241,0.046115,-0.238562,0.010581,-0.281488,-0.144888,0.459991,0.12804,-0.256662,0.43084,-0.062841,-0.164837,0.090408,-0.248216,0.152158,0.431855,0.14417,0.256138,0.43472,-0.080209,0.193576,0.097337,14.482924,112.025436,1.120694,-5.898561,126.677742,-1.702626
mV020,10,0.032341,0.232456,0.007235,0.046519,-0.238383,0.009768,-0.263007,-0.133327,0.46598,0.143721,-0.250788,0.425182,-0.059955,-0.163203,0.091563,-0.232942,0.163249,0.438663,0.160542,0.26441,0.425273,-0.077543,0.193326,0.099531,14.394714,112.386307,1.40473,-6.5791,126.767738,-0.721191
mV021,1,0.074057,0.165071,0.018261,0.060334,-0.221335,0.022201,-0.287267,-0.154256,0.572527,0.173046,-0.205096,0.477655,-0.060829,-0.175157,0.112842,-0.282261,0.143017,0.605196,0.166187,0.193946,0.472807,-0.058326,0.118336,0.106362,8.375741,108.030106,-3.227957,-5.52762,104.434731,-0.80981
mV021,2,0.073096,0.162392,0.017843,0.060495,-0.222442,0.021631,-0.283263,-0.172842,0.603423,0.172254,-0.230931,0.477072,-0.060347,-0.177784,0.113454,-0.252299,0.123421,0.618598,0.190249,0.147179,0.463194,-0.058307,0.114924,0.10701,8.206747,104.267548,-3.909098,-6.076132,103.727692,1.174667
mV021,3,0.073368,0.164111,0.016088,0.060125,-0.219466,0.018812,-0.265087,-0.162396,0.555306,0.197689,-0.213197,0.461709,-0.056956,-0.171527,0.1138,-0.252486,0.135272,0.574006,0.200313,0.174021,0.455223,-0.054642,0.112603,0.10791,8.261527,111.882797,-2.026706,-6.136992,109.979294,1.259277
mV021,4,0.070302,0.163807,0.015523,0.061385,-0.221033,0.020096,-0.253788,-0.160256,0.586699,0.201168,-0.216072,0.461987,-0.05591,-0.173318,0.114933,-0.234984,0.137105,0.601371,0.208436,0.173131,0.450039,-0.056122,0.112282,0.109507,8.200605,108.074799,-2.698187,-6.350412,107.135628,1.950817
mV021,5,0.069446,0.166053,0.014703,0.061013,-0.219756,0.018334,-0.243455,-0.17283,0.571694,0.215055,-0.217706,0.452688,-0.05406,-0.171523,0.115599,-0.232064,0.125339,0.581444,0.212329,0.187447,0.446174,-0.054664,0.112805,0.110788,8.399323,110.760162,-2.602846,-6.37591,110.219093,1.864201
mV021,6,0.068898,0.167011,0.014136,0.060721,-0.218968,0.018243,-0.247883,-0.175721,0.549007,0.21697,-0.211786,0.451465,-0.05477,-0.172034,0.115649,-0.225732,0.122002,0.558797,0.223564,0.172898,0.440776,-0.053267,0.109695,0.110373,8.906325,113.650681,-3.147445,-6.255901,113.424988,1.480046
mV021,7,0.06793,0.168661,0.015021,0.062502,-0.218709,0.01841,-0.253812,-0.166843,0.557148,0.20969,-0.200155,0.456545,-0.054866,-0.173195,0.114232,-0.24697,0.131457,0.577181,0.201137,0.190932,0.450664,-0.057844,0.115917,0.109201,8.538642,112.125809,-2.644752,-5.89867,110.292374,0.648442
mV021,8,0.065948,0.167379,0.012726,0.063301,-0.219239,0.017632,-0.239977,-0.167957,0.545052,0.221541,-0.229425,0.448626,-0.050878,-0.172179,0.116511,-0.222659,0.130883,0.547699,0.226066,0.19305,0.434182,-0.055787,0.116055,0.112812,7.861383,114.784676,-0.679065,-5.845417,115.760208,0.628151
mV021,9,0.065864,0.168921,0.01358,0.061362,-0.22347,0.016924,-0.249288,-0.175686,0.526923,0.218161,-0.220343,0.449396,-0.051686,-0.171292,0.114526,-0.236097,0.123438,0.534618,0.214002,0.199406,0.44054,-0.056823,0.115158,0.111194,8.462399,116.461067,-1.682723,-5.503445,116.760582,-0.001374
mV021,10,0.06547,0.16945,0.014365,0.059502,-0.224615,0.017739,-0.246473,-0.161816,0.558331,0.213115,-0.21836,0.453524,-0.054749,-0.176142,0.11585,-0.237569,0.136293,0.570535,0.208674,0.199554,0.44366,-0.058296,0.115476,0.110488,8.734919,112.558472,-3.010897,-5.96683,111.688293,0.833837
mV024,1,0.056306,0.17918,0.014699,0.042474,-0.150871,0.014001,-0.261144,-0.119692,0.603249,0.127595,-0.147623,0.404571,-0.054227,-0.112268,0.085386,-0.235453,0.194715,0.603144,0.146195,0.174758,0.407348,-0.0496,0.169966,0.087834,4.323563,90.920471,4.503011,-2.139189,89.316147,-9.847067
mV024,2,0.055631,0.181773,0.01526,0.040113,-0.152059,0.013863,-0.257194,-0.115498,0.557493,0.14665,-0.141094,0.393046,-0.053575,-0.109757,0.087144,-0.241978,0.199458,0.565594,0.1562,0.190045,0.401492,-0.048817,0.17013,0.090125,3.904869,99.062805,3.584031,-1.15008,95.880135,-8.573755
mV024,3,0.056821,0.180738,0.014966,0.041545,-0.152765,0.01367,-0.252166,-0.124162,0.585463,0.140753,-0.142772,0.396709,-0.052946,-0.109041,0.085063,-0.237513,0.190919,0.59237,0.149873,0.178129,0.406004,-0.048405,0.167683,0.088497,4.147865,94.042297,3.931725,-1.843493,91.176025,-8.70719
mV024,4,0.057165,0.180324,0.014666,0.04164,-0.153073,0.013879,-0.242681,-0.11935,0.602913,0.142207,-0.137319,0.396269,-0.052457,-0.107881,0.084877,-0.224588,0.195218,0.614381,0.151319,0.174061,0.404999,-0.048306,0.168648,0.088077,4.311192,91.560593,3.39064,-2.342206,87.897171,-8.888811
mV024,5,0.057471,0.181308,0.014454,0.04176,-0.15348,0.013439,-0.246373,-0.121533,0.570892,0.149502,-0.14343,0.392452,-0.051695,-0.108916,0.08567,-0.233193,0.193929,0.578901,0.157087,0.194974,0.402361,-0.046693,0.166478,0.089151,3.958402,96.704987,4.192562,-1.441559,93.535347,-9.499412
mV024,6,0.057575,0.180475,0.013764,0.042316,-0.153137,0.012937,-0.229971,-0.131804,0.573502,0.161901,-0.143485,0.386674,-0.05078,-0.109701,0.08631,-0.224189,0.184073,0.58123,0.163248,0.193354,0.400361,-0.045721,0.164859,0.089499,3.996124,96.890999,3.787651,-1.34681,93.667892,-10.660891
mV024,7,0.057125,0.180867,0.014408,0.042084,-0.152886,0.013425,-0.24945,-0.13379,0.569176,0.149243,-0.141315,0.392923,-0.051965,-0.109022,0.085314,-0.238986,0.181198,0.57397,0.154529,0.182542,0.404112,-0.047004,0.164003,0.088719,4.057372,96.704666,3.3649,-1.392965,94.113663,-8.843996
mV024,8,0.058574,0.182056,0.015395,0.042356,-0.153149,0.013823,-0.254126,-0.134903,0.580888,0.140543,-0.139234,0.397442,-0.052878,-0.110509,0.084884,-0.252683,0.1806,0.586803,0.138141,0.192678,0.412422,-0.047446,0.165762,0.087116,4.20138,94.402199,2.987053,-1.875542,90.858658,-9.93707
mV024,9,0.05832,0.181661,0.015013,0.043324,-0.152636,0.013616,-0.257149,-0.133593,0.582493,0.137759,-0.151102,0.399368,-0.05223,-0.111297,0.085014,-0.245785,0.181573,0.581654,0.144836,0.190202,0.409533,-0.047023,0.165875,0.087837,4.127432,94.060135,4.199649,-1.681331,92.075943,-9.499286
mV024,10,0.057671,0.182394,0.01541,0.055029,-0.146339,0.013713,-0.241008,-0.142088,0.586276,0.150359,-0.148141,0.398304,-0.041142,-0.106251,0.084996,-0.244687,0.173497,0.589478,0.143106,0.190111,0.410497,-0.047442,0.165596,0.088339,4.235394,93.273155,3.225877,-1.861139,91.028893,-8.98246
mV025,1,0.059541,0.184907,0.017494,0.063282,-0.161914,0.022636,-0.246232,-0.152358,0.451868,0.10129,-0.210988,0.346657,-0.039167,-0.136975,0.080984,-0.211548,0.152066,0.438678,0.12776,0.212621,0.353706,-0.045975,0.149524,0.08626,-6.750329,108.067055,16.428877,-2.840058,108.932785,-9.236228
mV025,2,0.059082,0.18316,0.016922,0.063569,-0.159635,0.022401,-0.252184,-0.129907,0.454566,0.101524,-0.179406,0.351099,-0.039413,-0.134436,0.07969,-0.206524,0.168301,0.438572,0.14041,0.181496,0.349757,-0.046294,0.148819,0.086428,-5.736618,106.919571,15.122415,-4.819182,108.568565,-4.142373
mV025,3,0.059786,0.18446,0.017342,0.064214,-0.160423,0.023113,-0.262481,-0.129449,0.411526,0.099373,-0.181514,0.350685,-0.03927,-0.133066,0.078474,-0.21952,0.172853,0.393094,0.133203,0.203339,0.350558,-0.046004,0.147993,0.085116,-8.443587,113.593842,14.052348,-3.346804,115.237885,-5.358768
mV025,4,0.059572,0.184121,0.01681,0.064208,-0.160357,0.022586,-0.256415,-0.139537,0.408756,0.10636,-0.186361,0.346373,-0.038872,-0.133253,0.078819,-0.211658,0.162301,0.392299,0.140975,0.192869,0.3479,-0.044992,0.146475,0.085829,-8.400699,114.647011,12.963336,-3.716405,115.983788,-4.434021
mV025,5,0.060037,0.184816,0.017588,0.064633,-0.160624,0.022785,-0.258016,-0.145898,0.393155,0.105704,-0.192854,0.345361,-0.038654,-0.132605,0.078182,-0.22051,0.159186,0.379398,0.131411,0.204709,0.351522,-0.045549,0.146835,0.084846,-9.3825,117.039963,12.63484,-2.605156,117.566765,-5.976346
mV025,6,0.060099,0.184264,0.017113,0.064628,-0.159854,0.022524,-0.256819,-0.142895,0.400662,0.109343,-0.179,0.345425,-0.038725,-0.132626,0.078193,-0.214265,0.159438,0.381604,0.138629,0.195719,0.348442,-0.045184,0.146446,0.084936,-8.199837,115.702301,11.653847,-3.086061,117.458176,-5.163126
mV025,7,0.059707,0.184391,0.016568,0.064779,-0.159947,0.022272,-0.249197,-0.139191,0.410185,0.113732,-0.180122,0.343269,-0.037871,-0.13112,0.078434,-0.207444,0.163093,0.391668,0.14417,0.197417,0.344771,-0.044865,0.146749,0.085579,-8.033449,114.679626,12.223657,-3.321317,116.331673,-5.071516
mV025,8,0.060008,0.184553,0.016492,0.064704,-0.160046,0.022153,-0.24813,-0.13548,0.404199,0.114514,-0.183285,0.342636,-0.037665,-0.1311,0.078764,-0.2044,0.167293,0.383525,0.146373,0.206476,0.342135,-0.044322,0.146718,0.085761,-8.719464,116.032227,12.326208,-3.059541,117.760178,-5.121024
mV025,9,0.060148,0.184639,0.016671,0.065037,-0.160039,0.022399,-0.250534,-0.141299,0.394627,0.113116,-0.187956,0.342199,-0.037578,-0.130226,0.07811,-0.207558,0.163244,0.375036,0.143029,0.208446,0.344323,-0.043897,0.145628,0.085718,-9.595184,117.516907,12.592652,-2.573872,119.085739,-5.550943
mV025,10,0.059849,0.184421,0.016956,0.065078,-0.160783,0.022622,-0.255554,-0.142816,0.408121,0.107411,-0.187301,0.345406,-0.037839,-0.130947,0.077759,-0.209453,0.159046,0.388807,0.142716,0.191939,0.346741,-0.044633,0.145378,0.08532,-7.973018,114.247055,12.494152,-3.556192,116.509354,-4.587539
mV026,1,-0.042851,0.201117,0.027924,-0.035014,-0.145507,0.023897,-0.313947,-0.131043,0.657674,0.050147,-0.111187,0.396723,-0.13573,-0.120443,0.0888,-0.33569,0.125313,0.673405,0.029349,0.211031,0.412017,-0.141626,0.173056,0.084636,4.871295,81.61866,3.064968,-1.369925,77.981621,-8.455017
mV026,2,-0.04216,0.201794,0.026503,-0.034321,-0.146613,0.023697,-0.333665,-0.123278,0.607318,0.058791,-0.097064,0.38897,-0.134879,-0.115289,0.086075,-0.348179,0.135691,0.61918,0.048619,0.200343,0.401275,-0.138976,0.167862,0.083384,4.459138,89.351387,3.882203,0.900255,86.997231,-8.305885
mV026,3,-0.041589,0.200962,0.026169,-0.033364,-0.149183,0.023989,-0.349963,-0.12595,0.568398,0.060521,-0.102934,0.387938,-0.133867,-0.115296,0.085104,-0.358887,0.133909,0.580842,0.055674,0.192712,0.397505,-0.137768,0.165797,0.08338,4.119036,94.553886,3.688017,2.365909,92.770645,-7.740784
mV026,4,-0.041733,0.201073,0.025517,-0.033714,-0.151665,0.023932,-0.347326,-0.120343,0.548268,0.068389,-0.089105,0.381323,-0.133056,-0.112727,0.083927,-0.356209,0.139762,0.569762,0.064485,0.183083,0.392753,-0.136831,0.163668,0.083115,4.081574,97.53054,2.518502,2.713381,94.691811,-6.297321
mV026,5,-0.041385,0.202738,0.025239,-0.0346,-0.152006,0.023336,-0.327443,-0.110255,0.568208,0.077202,-0.077437,0.376239,-0.131545,-0.109551,0.084845,-0.342829,0.149468,0.59324,0.064627,0.205499,0.393145,-0.136293,0.165923,0.083527,4.208673,95.745453,2.076161,2.040779,91.587204,-7.263316
mV026,6,-0.040885,0.201748,0.024352,-0.034563,-0.152248,0.023173,-0.31411,-0.102677,0.579351,0.085069,-0.091927,0.374655,-0.130438,-0.109473,0.086121,-0.322863,0.157178,0.592291,0.082156,0.200421,0.384323,-0.13415,0.163516,0.084354,4.157702,94.71122,3.113389,2.204252,92.661903,-5.775508
mV026,7,-0.0415,0.20129,0.024636,-0.034082,-0.153909,0.023587,-0.330318,-0.116359,0.555437,0.080168,-0.089621,0.375619,-0.131055,-0.109281,0.083494,-0.335942,0.14375,0.573361,0.080095,0.177444,0.384219,-0.135471,0.162468,0.083141,4.122341,97.147049,2.337969,2.640021,94.926292,-5.131512
mV026,8,-0.042188,0.200242,0.0241,-0.033353,-0.152068,0.02376,-0.315442,-0.119901,0.550494,0.092185,-0.071238,0.365969,-0.129733,-0.105808,0.083385,-0.325826,0.139604,0.576732,0.087735,0.170783,0.379433,-0.135145,0.160698,0.083729,4.3917,98.499023,0.229062,2.625531,95.115654,-4.648599
mV026,9,-0.041753,0.201968,0.024644,-0.033546,-0.153727,0.024183,-0.323138,-0.1185,0.548945,0.087425,-0.084931,0.3711,-0.129702,-0.105855,0.082891,-0.338049,0.139979,0.579144,0.07788,0.17127,0.385223,-0.135999,0.163235,0.082762,4.169539,98.217186,1.717253,2.387213,93.899231,-4.773057
mV026,10,-0.041974,0.203406,0.02467,-0.034965,-0.156242,0.023172,-0.324574,-0.121292,0.57624,0.078484,-0.109933,0.378445,-0.131164,-0.112246,0.08477,-0.333,0.137789,0.579877,0.075858,0.198568,0.38719,-0.134544,0.162612,0.084059,4.135394,94.439011,3.577577,2.518574,94.055267,-5.81804
mV028,1,-0.065787,0.201041,0.014497,-0.062413,-0.214831,0.020923,-0.364527,-0.116049,0.476666,0.005005,-0.259581,0.430351,-0.172265,-0.168402,0.1013,-0.34578,0.16353,0.437881,0.040374,0.240119,0.42131,-0.161287,0.17937,0.096901,-0.155532,116.095634,9.054515,-1.794949,123.071053,-7.363499
mV028,2,-0.065111,0.201552,0.016111,-0.062048,-0.214221,0.023103,-0.390778,-0.119264,0.459027,-0.007433,-0.232531,0.436128,-0.174879,-0.16488,0.097387,-0.377382,0.160257,0.427046,0.01771,0.209789,0.431105,-0.1644,0.174012,0.092029,-0.512819,116.691544,9.476686,-1.688755,122.182014,-7.800197
mV028,3,-0.064927,0.203923,0.015071,-0.061929,-0.216743,0.021429,-0.371313,-0.108102,0.420608,-0.000382,-0.250269,0.431899,-0.171588,-0.164063,0.098132,-0.360348,0.173139,0.390721,0.028875,0.24385,0.42407,-0.162041,0.177482,0.094129,-1.547256,123.035042,8.814686,-1.745534,128.275955,-6.024143
mV028,4,-0.064734,0.201957,0.01394,-0.062098,-0.2159,0.020015,-0.344534,-0.106768,0.431658,0.025163,-0.253335,0.421912,-0.168662,-0.163851,0.10137,-0.328761,0.173572,0.395253,0.058603,0.252024,0.408565,-0.158224,0.17471,0.096992,-1.143594,123.317581,8.15602,-1.845451,129.636261,-5.590405
mV028,5,-0.064832,0.201409,0.014005,-0.06156,-0.215428,0.019847,-0.346114,-0.104499,0.418499,0.02362,-0.253017,0.422603,-0.168039,-0.163158,0.101171,-0.328213,0.176799,0.384668,0.060109,0.250111,0.407637,-0.158385,0.173852,0.096883,-1.754701,125.19931,8.396946,-1.614711,131.162689,-5.509852
mV028,6,-0.06473,0.201179,0.013934,-0.060881,-0.21563,0.01947,-0.33794,-0.118244,0.435053,0.034208,-0.259634,0.416068,-0.166597,-0.162689,0.101353,-0.320009,0.16198,0.399845,0.070021,0.232242,0.4044,-0.157779,0.172569,0.097023,-0.880619,123.173409,7.830281,-2.130345,129.28566,-5.337544
mV028,7,-0.064929,0.201564,0.013998,-0.061595,-0.216253,0.019817,-0.348862,-0.114835,0.428439,0.024767,-0.254878,0.42081,-0.167683,-0.161541,0.100038,-0.330233,0.164843,0.393938,0.060221,0.233287,0.409386,-0.158777,0.172234,0.095929,-0.207785,123.221519,6.867259,-2.285684,129.447006,-5.122868
mV028,8,-0.063954,0.202363,0.014168,-0.060329,-0.217307,0.020624,-0.364511,-0.123307,0.395532,0.002687,-0.271219,0.426971,-0.167889,-0.161285,0.097928,-0.346379,0.159046,0.368041,0.039995,0.233084,0.419577,-0.159165,0.171101,0.093779,-1.566436,126.710556,7.708741,-1.301273,132.061874,-5.645779
mV028,9,-0.062767,0.203691,0.014742,-0.060284,-0.217556,0.0218,-0.373826,-0.117875,0.380525,-0.000161,-0.248341,0.431355,-0.169394,-0.160676,0.096252,-0.352775,0.164159,0.35042,0.031255,0.235993,0.422927,-0.158729,0.168854,0.091931,-2.09083,128.064423,7.953273,-1.333446,133.554749,-5.287057
mV028,10,-0.064254,0.205579,0.014203,-0.061727,-0.220681,0.020645,-0.360279,-0.112446,0.41269,0.005484,-0.266548,0.427878,-0.168129,-0.164501,0.099421,-0.339321,0.168343,0.380713,0.044847,0.251116,0.415555,-0.157898,0.173645,0.09539,-1.163242,124.733711,7.758431,-1.844562,130.738266,-5.349825
mV029,1,0.054124,0.187618,0.030153,0.040603,-0.215654,0.025594,-0.26351,-0.137957,0.481767,0.08955,-0.182555,0.37153,-0.07659,-0.171444,0.094186,-0.26614,0.13559,0.460477,0.101618,0.164632,0.369796,-0.065994,0.166757,0.0857,12.620408,100.624626,3.203801,-10.629787,105.060081,-9.4725
mV029,2,0.055736,0.189435,0.029867,0.041237,-0.215789,0.025584,-0.259325,-0.12217,0.458425,0.097816,-0.168619,0.366521,-0.075565,-0.169404,0.093403,-0.264111,0.151564,0.44444,0.107738,0.173539,0.365163,-0.064626,0.166998,0.084259,12.559474,104.326942,3.221594,-10.709049,107.4795,-8.585193
mV029,3,0.056158,0.190594,0.029737,0.041877,-0.219215,0.025305,-0.249887,-0.125612,0.459364,0.106045,-0.16837,0.363618,-0.071798,-0.165829,0.093287,-0.257514,0.147548,0.444773,0.113336,0.171266,0.362188,-0.06377,0.165927,0.084124,13.156878,104.137115,0.945848,-10.523345,107.786629,-9.165125
mV029,4,0.053573,0.188389,0.029412,0.04184,-0.220106,0.02458,-0.237719,-0.138278,0.466478,0.114502,-0.174247,0.35928,-0.070623,-0.166345,0.094262,-0.255452,0.134385,0.452422,0.111503,0.174275,0.36287,-0.065133,0.15977,0.084539,13.378566,103.619431,0.029972,-10.572343,106.687729,-9.249897
mV029,5,0.053564,0.188471,0.029121,0.041272,-0.219739,0.024378,-0.240345,-0.132502,0.464307,0.114493,-0.168733,0.360333,-0.070186,-0.164988,0.094898,-0.253875,0.139458,0.450163,0.114827,0.171591,0.361578,-0.06442,0.158116,0.084867,13.501575,104.144127,-0.342421,-10.871499,107.193581,-8.062565
mV029,6,0.055534,0.188325,0.029586,0.042191,-0.220711,0.024585,-0.241289,-0.140723,0.461156,0.114149,-0.177279,0.359631,-0.070243,-0.166422,0.093902,-0.251774,0.130932,0.444824,0.118212,0.159533,0.361813,-0.060939,0.151593,0.084666,13.313581,104.474144,0.403633,-11.444409,107.657532,-6.029206
mV029,7,0.055348,0.189311,0.029045,0.042089,-0.220407,0.023723,-0.23316,-0.142025,0.457277,0.123003,-0.175792,0.354749,-0.06969,-0.167234,0.094939,-0.243061,0.129559,0.443087,0.124568,0.168162,0.358317,-0.061343,0.15546,0.085494,13.360192,105.91478,0.43006,-10.878965,108.764465,-7.816887
mV029,8,0.055645,0.189079,0.02932,0.043813,-0.217917,0.024371,-0.240151,-0.13874,0.456733,0.114998,-0.179878,0.358887,-0.070181,-0.167149,0.093809,-0.248683,0.133903,0.440617,0.121443,0.162231,0.359263,-0.061657,0.155576,0.084698,12.97196,105.367302,1.709232,-11.139848,108.682388,-6.987472
mV029,9,0.054894,0.188314,0.029438,0.044088,-0.218132,0.024394,-0.240545,-0.145037,0.459169,0.115245,-0.180461,0.359772,-0.068588,-0.164331,0.0937,-0.252559,0.127758,0.441808,0.117853,0.159719,0.360783,-0.062343,0.154078,0.084508,13.004786,104.931686,1.569454,-10.909511,108.39566,-7.763487
mV029,10,0.055908,0.188148,0.028575,0.043209,-0.218551,0.02298,-0.221524,-0.140736,0.473379,0.127515,-0.184332,0.352931,-0.067652,-0.165522,0.095723,-0.227861,0.131561,0.457724,0.135776,0.157534,0.352425,-0.060681,0.156217,0.086339,13.12989,103.882828,1.023296,-11.233257,107.156807,-6.784833
mV030,1,0.041844,0.187096,0.022598,0.041228,-0.21139,0.025194,-0.248053,-0.16111,0.562039,0.129951,-0.171658,0.392386,-0.064882,-0.171577,0.087954,-0.258586,0.058533,0.556087,0.12404,0.159051,0.414038,-0.055359,0.162396,0.093342,6.939733,94.991905,-2.47554,-2.694423,94.998146,-6.756349
mV030,2,0.04201,0.187893,0.022643,0.041585,-0.213135,0.026769,-0.258867,-0.147967,0.573653,0.115469,-0.183921,0.39891,-0.066194,-0.173257,0.086574,-0.260604,0.071942,0.563453,0.119551,0.169407,0.415705,-0.055792,0.163459,0.092651,6.614512,92.082718,-0.228231,-2.755878,93.769096,-7.074093
mV030,3,0.042031,0.186978,0.022733,0.041667,-0.213345,0.026683,-0.265457,-0.158471,0.562471,0.115139,-0.187058,0.398811,-0.066303,-0.173795,0.08636,-0.265084,0.061715,0.556387,0.119829,0.153517,0.415058,-0.056028,0.162236,0.092272,6.679522,93.743553,-0.198719,-2.760902,94.406647,-6.515165
mV030,4,0.042095,0.189098,0.022892,0.04106,-0.21537,0.026553,-0.269852,-0.149851,0.550643,0.113594,-0.186148,0.399734,-0.065857,-0.172516,0.085845,-0.272259,0.070255,0.544946,0.115518,0.168768,0.416993,-0.056154,0.163439,0.091828,6.752626,95.21579,-0.334927,-2.597556,95.963715,-6.973392
mV030,5,0.04185,0.187671,0.022275,0.038423,-0.221191,0.025697,-0.2642,-0.160626,0.52779,0.125175,-0.194832,0.393422,-0.065093,-0.173268,0.087105,-0.263515,0.05902,0.522304,0.127966,0.160583,0.411883,-0.054898,0.161755,0.093209,7.199616,99.52076,-1.795413,-2.167882,100.070969,-7.582069
mV030,6,0.041867,0.18756,0.022351,0.038843,-0.217755,0.026235,-0.268029,-0.154121,0.536681,0.120123,-0.183926,0.395717,-0.067338,-0.174946,0.086867,-0.269737,0.065704,0.526605,0.12613,0.150063,0.412337,-0.055383,0.162048,0.092742,6.934028,97.956535,-0.742659,-2.551065,99.206268,-5.903443
mV030,7,0.042063,0.188941,0.023184,0.039704,-0.215491,0.027413,-0.283606,-0.153672,0.530928,0.109492,-0.178838,0.400126,-0.068633,-0.174511,0.085438,-0.283944,0.066461,0.521926,0.113207,0.157705,0.41791,-0.056679,0.163287,0.091413,6.91545,97.742302,-0.690905,-2.342938,98.749542,-7.230425
mV030,8,0.041862,0.190407,0.023649,0.039073,-0.217534,0.027133,-0.278726,-0.164438,0.541089,0.110063,-0.187219,0.400007,-0.068462,-0.175212,0.085685,-0.281298,0.055718,0.53674,0.106549,0.164145,0.420932,-0.057249,0.163935,0.091026,6.85799,96.342766,-0.819524,-2.398276,96.020668,-8.5075
mV030,9,0.04146,0.189502,0.021661,0.038561,-0.217722,0.025311,-0.258954,-0.159536,0.536275,0.128765,-0.18207,0.391148,-0.066392,-0.173875,0.087324,-0.258095,0.060094,0.528108,0.1314,0.161504,0.410443,-0.054186,0.161416,0.093259,7.119679,98.675751,-1.680422,-2.316429,99.565628,-7.030178
mV030,10,0.041312,0.189073,0.021743,0.038699,-0.21749,0.025321,-0.255036,-0.15046,0.53648,0.13128,-0.175933,0.390185,-0.066062,-0.17335,0.087451,-0.259477,0.069526,0.53306,0.132989,0.158524,0.409286,-0.054788,0.162827,0.093432,7.148847,98.729385,-1.840168,-2.451466,99.092476,-6.485138
mV031,1,-0.00894,0.162231,0.019326,-0.01933,-0.142921,0.014457,-0.32553,-0.110055,0.494632,0.045584,-0.146276,0.354208,-0.119339,-0.115684,0.080906,-0.301948,0.13289,0.473294,0.069042,0.167994,0.349923,-0.112194,0.153821,0.077666,-6.895103,106.77533,16.2679,1.556332,108.395798,-1.322684
mV031,2,-0.007919,0.162754,0.018737,-0.01946,-0.14358,0.012982,-0.319397,-0.106428,0.471802,0.057046,-0.147986,0.347991,-0.117741,-0.114617,0.081255,-0.293291,0.136014,0.44669,0.080931,0.171668,0.340368,-0.112019,0.158849,0.07604,-8.850868,111.602646,15.339205,1.400905,112.512878,-0.007669
mV031,3,-0.007118,0.162347,0.016655,-0.019013,-0.144119,0.01112,-0.300564,-0.109077,0.460802,0.076463,-0.145438,0.338153,-0.11509,-0.114226,0.082076,-0.278816,0.133653,0.435105,0.09686,0.173661,0.331426,-0.109264,0.156885,0.077252,-9.253182,114.764252,12.9204,1.785278,115.731659,-0.320101
mV031,4,-0.007846,0.162492,0.017459,-0.01956,-0.14413,0.011337,-0.311464,-0.108216,0.44993,0.069511,-0.147579,0.340812,-0.116205,-0.113662,0.081269,-0.28892,0.134665,0.425799,0.090772,0.169021,0.33412,-0.11091,0.157671,0.076536,-10.081049,116.100693,13.330987,1.638213,116.575714,0.121318
mV031,5,-0.007109,0.16391,0.017827,-0.019135,-0.14509,0.012017,-0.318833,-0.115986,0.442348,0.064258,-0.156892,0.343208,-0.11661,-0.115118,0.081006,-0.292686,0.12737,0.419182,0.087673,0.166595,0.335986,-0.110843,0.156862,0.075492,-10.419755,116.800964,13.332658,2.196072,117.047409,-0.913765
mV031,6,-0.009857,0.163355,0.015924,-0.019513,-0.145095,0.011055,-0.299943,-0.115716,0.457563,0.076298,-0.157356,0.336562,-0.115104,-0.114871,0.082524,-0.276658,0.127779,0.439439,0.097108,0.171301,0.33353,-0.10868,0.151839,0.081015,-9.614124,115.499596,12.967765,2.673172,116.590607,-1.96863
mV031,7,-0.008865,0.164573,0.016904,-0.020005,-0.144964,0.01133,-0.317348,-0.117011,0.43042,0.070398,-0.141224,0.340069,-0.116729,-0.112966,0.080466,-0.294317,0.127451,0.415251,0.087812,0.169377,0.338817,-0.109612,0.152118,0.078795,-9.886435,118.808823,10.671571,2.884809,119.023178,-1.80132
mV031,8,-0.007349,0.164508,0.016807,-0.020137,-0.14544,0.01057,-0.29539,-0.122374,0.458159,0.08192,-0.148065,0.333784,-0.115027,-0.114649,0.082729,-0.277467,0.12068,0.438487,0.097453,0.164974,0.331181,-0.109237,0.1551,0.077355,-8.516931,115.498665,10.741645,1.483501,115.209831,0.23671
mV031,9,-0.007301,0.164522,0.017214,-0.020009,-0.14618,0.011774,-0.308109,-0.09851,0.46088,0.068722,-0.142032,0.342294,-0.116182,-0.113664,0.081434,-0.285418,0.143384,0.440891,0.089465,0.181282,0.334992,-0.11023,0.157605,0.076319,-8.822647,113.949974,12.783564,1.43158,114.168159,0.191148
mV031,10,-0.009026,0.166149,0.020276,-0.020057,-0.146785,0.014493,-0.343638,-0.128154,0.44434,0.044687,-0.141619,0.35403,-0.120019,-0.116148,0.079518,-0.32455,0.116084,0.431122,0.05854,0.157878,0.354994,-0.113088,0.152695,0.076185,-8.054678,113.811707,11.224901,2.047226,113.644775,-1.317506
mV032,1,0.025886,0.243333,0.023348,0.022828,-0.251656,0.02643,-0.348399,-0.124262,0.625502,0.044707,-0.184529,0.422762,-0.073497,-0.214861,0.083975,-0.320649,0.171267,0.6372,0.073319,0.181798,0.410834,-0.076025,0.216688,0.081199,8.409831,77.596909,-7.428298,-8.929429,80.910309,5.068895
mV032,2,0.027645,0.250289,0.020779,0.023033,-0.257013,0.022787,-0.327306,-0.131619,0.593709,0.067203,-0.230817,0.418264,-0.068954,-0.218186,0.085833,-0.297675,0.152377,0.58873,0.103461,0.212668,0.401947,-0.07123,0.224512,0.084039,9.709902,85.220451,-5.614462,-9.920499,90.294754,2.615392
mV032,3,0.028764,0.254455,0.022952,0.024569,-0.259255,0.024436,-0.334157,-0.121454,0.630651,0.041641,-0.223904,0.42685,-0.067881,-0.214424,0.082632,-0.303773,0.157633,0.642262,0.069517,0.24432,0.417498,-0.072175,0.226777,0.08201,8.962147,76.339851,-4.8186,-9.896685,79.911423,-0.114468
mV032,4,0.028679,0.255351,0.022498,0.023744,-0.261017,0.024199,-0.329517,-0.124381,0.579763,0.060198,-0.238826,0.419768,-0.067135,-0.216341,0.084935,-0.317116,0.152795,0.59588,0.078523,0.244352,0.412343,-0.070662,0.222352,0.08153,10.123487,86.30101,-2.775815,-10.068288,87.676109,-1.451046
mV032,5,0.028062,0.253753,0.021672,0.025339,-0.262221,0.024549,-0.341159,-0.133559,0.594804,0.057628,-0.214889,0.421019,-0.066016,-0.215565,0.08304,-0.302703,0.152239,0.608226,0.091412,0.212459,0.406207,-0.071377,0.222663,0.08157,9.192957,82.592781,-7.016778,-9.756648,86.121468,1.823628
mV032,6,0.02874,0.256974,0.022856,0.024343,-0.265301,0.024733,-0.335554,-0.128278,0.620223,0.043937,-0.23326,0.425551,-0.067869,-0.220085,0.08301,-0.309706,0.151757,0.628802,0.071587,0.232757,0.415404,-0.072086,0.226755,0.080851,9.375998,78.334145,-3.924528,-9.944619,81.672203,-0.302091
mV032,7,0.028724,0.256666,0.021853,0.026063,-0.265765,0.022875,-0.311168,-0.134965,0.621254,0.068101,-0.228155,0.418959,-0.063944,-0.219273,0.083547,-0.276305,0.144849,0.628357,0.096364,0.238279,0.405689,-0.070416,0.227861,0.083368,9.278308,79.877327,-4.927116,-10.056129,84.097176,-1.011929
mV032,8,0.027999,0.259098,0.02304,0.024839,-0.266541,0.023842,-0.321367,-0.123969,0.607971,0.06239,-0.220296,0.419604,-0.065521,-0.219175,0.0833,-0.308931,0.156531,0.627609,0.073748,0.241619,0.414729,-0.072259,0.228449,0.081789,9.14363,80.978287,-6.154658,-9.798283,82.366753,0.590896
mV032,9,0.028429,0.261611,0.023414,0.025396,-0.266543,0.023236,-0.313761,-0.131624,0.609478,0.067963,-0.224307,0.417863,-0.064512,-0.219342,0.083505,-0.308657,0.148561,0.631818,0.071773,0.239016,0.415425,-0.072721,0.233041,0.08168,9.385145,81.391136,-5.136638,-9.884687,81.518021,0.020788
mV032,10,0.028099,0.264202,0.023643,0.024966,-0.267452,0.024468,-0.33371,-0.122084,0.596995,0.056165,-0.216033,0.421758,-0.065587,-0.219025,0.082769,-0.319321,0.159223,0.623404,0.068558,0.241594,0.415901,-0.073459,0.23568,0.081218,9.255774,81.77858,-6.060989,-9.869243,82.507996,0.178434
mV033,1,0.043409,0.224804,0.013631,0.029135,-0.19728,0.012219,-0.245159,-0.088964,0.430482,0.100868,-0.213958,0.35472,-0.062429,-0.167721,0.091382,-0.223067,0.163638,0.429466,0.13108,0.234862,0.351667,-0.047459,0.203947,0.090137,-5.709897,121.280884,5.678295,-2.392293,117.753639,-3.997521
mV033,2,0.044672,0.22616,0.01544,0.029876,-0.202207,0.014326,-0.270101,-0.100973,0.39455,0.079527,-0.229026,0.36171,-0.064247,-0.170129,0.089402,-0.245085,0.150558,0.402729,0.11391,0.224286,0.360044,-0.049205,0.202027,0.087204,-5.809035,124.962013,4.474865,-1.913847,119.745331,-4.429972
mV033,3,0.044107,0.226386,0.015221,0.029683,-0.202922,0.014326,-0.26683,-0.099995,0.40752,0.082272,-0.226106,0.360805,-0.063958,-0.170553,0.089878,-0.243008,0.150961,0.413648,0.116248,0.218304,0.358772,-0.049456,0.202215,0.087381,-4.88749,123.065804,3.838394,-2.658936,118.130569,-3.457226
mV033,4,0.044632,0.227569,0.016309,0.029883,-0.20254,0.014103,-0.274022,-0.100391,0.395222,0.082423,-0.212421,0.361527,-0.064365,-0.169083,0.088418,-0.255735,0.151168,0.403773,0.104485,0.225424,0.364265,-0.050338,0.203229,0.086549,-4.471073,124.217239,2.911235,-2.532097,118.61618,-3.596508
mV033,5,0.043528,0.227667,0.015765,0.029165,-0.202461,0.01395,-0.265989,-0.096376,0.434485,0.086048,-0.205372,0.360916,-0.06439,-0.169277,0.089255,-0.248895,0.154542,0.4426,0.107328,0.221475,0.363368,-0.050662,0.204585,0.087465,-3.397402,118.424103,2.968998,-3.761305,112.907524,-2.055939
mV033,6,0.043377,0.227058,0.015433,0.029448,-0.203066,0.014537,-0.268632,-0.096379,0.434164,0.083823,-0.205945,0.361996,-0.064587,-0.169921,0.089258,-0.246458,0.154184,0.44257,0.111097,0.213475,0.361604,-0.050519,0.203835,0.087472,-3.273954,118.207008,2.822535,-3.906387,113.105202,-1.714841
mV033,7,0.043897,0.227859,0.015926,0.029069,-0.202347,0.013659,-0.265493,-0.094869,0.416277,0.088253,-0.206176,0.360104,-0.063938,-0.168734,0.08945,-0.250411,0.156029,0.428527,0.107936,0.224904,0.362854,-0.050358,0.204162,0.087339,-3.932688,121.541306,2.905694,-3.31911,115.191429,-2.678133
mV033,8,0.043727,0.227211,0.01632,0.02885,-0.204302,0.014431,-0.275282,-0.10281,0.430758,0.074907,-0.222122,0.364198,-0.065116,-0.17029,0.08885,-0.245749,0.147675,0.437326,0.109704,0.215011,0.361872,-0.050728,0.20353,0.087474,-3.19339,118.401314,2.627264,-3.022118,113.83239,-3.511018
mV033,9,0.043413,0.227462,0.014691,0.029021,-0.203455,0.013584,-0.257162,-0.09738,0.42086,0.09042,-0.222658,0.357765,-0.063091,-0.17022,0.090625,-0.234078,0.153249,0.429995,0.121305,0.222122,0.356312,-0.049098,0.203552,0.08828,-4.63065,121.732574,3.894961,-3.243744,116.144226,-2.690144
mV033,10,0.044192,0.227475,0.01587,0.029241,-0.204416,0.014228,-0.270777,-0.098985,0.409061,0.079886,-0.223566,0.361734,-0.064062,-0.169743,0.089173,-0.245006,0.151975,0.416279,0.115041,0.216639,0.359304,-0.049636,0.202462,0.087397,-4.312486,122.368782,3.226065,-2.823369,117.52623,-3.262817
mV034,1,-0.052401,0.232828,0.021921,-0.061345,-0.25308,0.022313,-0.384819,-0.129209,0.512618,0.065958,-0.214966,0.415865,-0.182059,-0.18752,0.095097,-0.388197,0.130558,0.534979,0.062174,0.214977,0.431008,-0.166376,0.190943,0.094057,-0.623275,111.811043,3.148286,-1.781181,108.249161,-11.357943
mV034,2,-0.05218,0.233812,0.021453,-0.06191,-0.255634,0.022725,-0.394706,-0.13081,0.480104,0.058143,-0.237685,0.42046,-0.1813,-0.187722,0.095537,-0.385909,0.12834,0.496093,0.072259,0.206313,0.425602,-0.164509,0.188377,0.094021,-1.346765,115.871758,3.551364,-0.83617,113.605003,-10.739379
mV034,3,-0.052659,0.234579,0.02177,-0.060157,-0.256454,0.023424,-0.378765,-0.125469,0.541865,0.058557,-0.237001,0.421223,-0.182835,-0.192676,0.094487,-0.368006,0.130801,0.563029,0.072961,0.215138,0.426907,-0.164395,0.189895,0.095707,0.119635,107.230537,2.51464,-2.836609,105.187714,-9.814246
mV034,4,-0.052867,0.235456,0.020505,-0.062529,-0.257373,0.02243,-0.377533,-0.126443,0.501557,0.067461,-0.241492,0.413976,-0.180899,-0.188658,0.096148,-0.367769,0.129779,0.51697,0.082429,0.217571,0.421103,-0.161975,0.186634,0.095739,-0.610293,113.583038,2.613024,-1.904084,111.680115,-9.064376
mV034,5,-0.053084,0.236054,0.020583,-0.06272,-0.257636,0.021647,-0.371358,-0.130541,0.483517,0.075916,-0.246452,0.408814,-0.179594,-0.188288,0.097139,-0.363597,0.125275,0.501286,0.087291,0.222059,0.417699,-0.161075,0.185879,0.096535,-1.0836,116.555977,2.83574,-1.164989,114.182968,-9.701111
mV034,6,-0.053044,0.237003,0.020125,-0.062779,-0.25929,0.022103,-0.372303,-0.128277,0.464242,0.07559,-0.250389,0.407968,-0.178362,-0.186335,0.096167,-0.360838,0.126667,0.480604,0.091807,0.224504,0.414036,-0.159918,0.184477,0.096068,-1.557611,118.830688,3.138912,-0.908717,116.898117,-9.098561
mV034,7,-0.052261,0.237922,0.020364,-0.062257,-0.260069,0.022118,-0.36919,-0.122957,0.465636,0.076185,-0.25051,0.407505,-0.17765,-0.186063,0.095433,-0.357371,0.130294,0.482319,0.093004,0.233466,0.413937,-0.15796,0.183085,0.096316,-1.382798,118.404434,2.931996,-1.315102,116.638168,-8.376531
mV034,8,-0.052197,0.23905,0.020057,-0.062702,-0.262332,0.021288,-0.360995,-0.133943,0.463064,0.084898,-0.257924,0.401491,-0.175637,-0.185983,0.096013,-0.348716,0.119227,0.479988,0.100926,0.22511,0.409865,-0.155423,0.179623,0.095959,-1.30054,119.292244,2.568431,-1.474109,117.06562,-7.905756
mV034,9,-0.052212,0.240905,0.020692,-0.06347,-0.263578,0.021898,-0.365362,-0.130057,0.453081,0.081088,-0.257504,0.404063,-0.175116,-0.184306,0.095508,-0.353092,0.121921,0.472904,0.096421,0.229394,0.412798,-0.155137,0.179291,0.095246,-1.350811,120.252365,2.434368,-1.771129,117.410492,-7.205527
mV034,10,-0.05228,0.240773,0.020662,-0.062919,-0.262865,0.021649,-0.362286,-0.126949,0.456991,0.086319,-0.245961,0.401844,-0.175852,-0.185299,0.095113,-0.350322,0.126261,0.477205,0.099739,0.230329,0.410376,-0.154615,0.178097,0.095143,-1.306756,119.779816,2.466398,-1.958157,116.986923,-6.961821
mV038,1,0.049794,0.197227,0.012566,0.044959,-0.208357,0.020364,-0.30119,-0.179759,0.546612,0.13785,-0.280095,0.455433,-0.081004,-0.157522,0.104263,-0.276502,0.164658,0.516274,0.166077,0.231112,0.469002,-0.078712,0.152794,0.104087,2.207777,111.310463,4.882682,2.14216,116.379715,-4.711318
mV038,2,0.049521,0.199205,0.012039,0.045014,-0.210713,0.020214,-0.291274,-0.179187,0.579985,0.143498,-0.268569,0.455108,-0.079629,-0.15537,0.103228,-0.266214,0.162364,0.54587,0.172836,0.223417,0.465864,-0.076984,0.149828,0.103813,2.937122,106.937645,4.637055,1.150766,112.667259,-4.518229
mV038,3,0.049284,0.199737,0.011537,0.044213,-0.21288,0.021051,-0.291937,-0.153311,0.590754,0.130867,-0.276198,0.460364,-0.080165,-0.155926,0.103369,-0.263133,0.190807,0.554184,0.173549,0.248407,0.461987,-0.076325,0.151908,0.105338,2.49999,105.716736,6.53388,0.774892,111.603264,-4.2044
mV038,4,0.048712,0.19993,0.010664,0.044162,-0.212683,0.020492,-0.285838,-0.165874,0.594521,0.136589,-0.284204,0.4557,-0.07938,-0.156242,0.104408,-0.253332,0.17634,0.555332,0.183566,0.22773,0.459983,-0.075266,0.15055,0.105822,2.595168,105.6203,6.284335,0.435739,111.886436,-3.290263
mV038,5,0.048358,0.199299,0.009099,0.044534,-0.211578,0.018783,-0.270531,-0.164893,0.55103,0.158875,-0.286773,0.443361,-0.075965,-0.154245,0.106436,-0.231469,0.177557,0.512561,0.210093,0.23196,0.44542,-0.071209,0.150897,0.110217,2.157759,112.303375,4.65242,1.018824,118.988792,-1.688304
mV038,6,0.048156,0.199549,0.008668,0.044358,-0.212588,0.018911,-0.263078,-0.151124,0.556669,0.158894,-0.289309,0.443448,-0.074747,-0.153111,0.107038,-0.224061,0.193356,0.519582,0.21472,0.250134,0.439823,-0.070381,0.153503,0.112073,2.017009,111.938805,5.093025,1.032302,118.423965,-1.902607
mV038,7,0.047869,0.199097,0.008824,0.04452,-0.212432,0.01887,-0.269814,-0.167938,0.56355,0.156757,-0.290554,0.443297,-0.075193,-0.153185,0.106327,-0.22805,0.173189,0.523432,0.213057,0.220522,0.445047,-0.071222,0.150476,0.110398,2.614365,110.477142,4.207729,0.77595,117.714226,-1.700499
mV038,8,0.04829,0.196925,0.00858,0.044025,-0.213238,0.017925,-0.246912,-0.176093,0.543867,0.176909,-0.307288,0.430393,-0.071494,-0.155433,0.111755,-0.209124,0.168084,0.510206,0.232124,0.221329,0.434778,-0.067131,0.148237,0.114276,2.260964,114.687645,3.711155,1.123003,120.712547,-1.299584
mV038,9,0.04808,0.197482,0.008341,0.044287,-0.212882,0.018132,-0.257035,-0.164576,0.545201,0.169272,-0.291551,0.436624,-0.072718,-0.152272,0.108277,-0.220259,0.179361,0.510772,0.221132,0.235035,0.439447,-0.069588,0.153316,0.113543,2.392676,113.655281,3.732317,1.490259,120.289452,-2.016332
mV038,10,0.048113,0.197877,0.008354,0.043935,-0.212839,0.017492,-0.254797,-0.166311,0.540881,0.172548,-0.293129,0.434994,-0.072172,-0.152908,0.109238,-0.217083,0.17792,0.504741,0.223778,0.239838,0.437756,-0.069071,0.154392,0.114378,2.620163,114.425453,3.06421,1.752833,121.330269,-2.068905
mV040,1,0.04055,0.157437,0.021329,0.045501,-0.17844,0.023861,-0.255692,-0.150333,0.52005,0.132327,-0.189462,0.382925,-0.060071,-0.152776,0.090535,-0.238953,0.142001,0.523072,0.14301,0.160722,0.378922,-0.050674,0.131102,0.08952,8.153679,108.66288,0.756352,-5.757505,104.112373,-4.825076
mV040,2,0.038652,0.16302,0.021728,0.04456,-0.179775,0.024677,-0.261224,-0.152285,0.516281,0.12685,-0.197084,0.38474,-0.061529,-0.155934,0.091208,-0.246717,0.139984,0.520454,0.137245,0.154696,0.380402,-0.051752,0.130558,0.088352,8.391586,109.032478,0.11026,-6.100991,103.73243,-3.622286
mV040,3,0.039044,0.163137,0.021287,0.045426,-0.178581,0.023385,-0.253857,-0.149066,0.510132,0.135806,-0.182995,0.381518,-0.059247,-0.150724,0.090594,-0.24466,0.142324,0.520998,0.139911,0.150503,0.378975,-0.051372,0.130744,0.08793,8.485796,110.12809,-0.098448,-6.290385,103.570343,-2.906814
mV040,4,0.03937,0.162477,0.02108,0.046008,-0.179204,0.023879,-0.266695,-0.140865,0.511338,0.12497,-0.183121,0.387293,-0.059428,-0.149665,0.089151,-0.249642,0.149629,0.512105,0.138452,0.144483,0.379681,-0.051688,0.131238,0.087398,8.413733,109.02906,0.050214,-6.474792,104.392746,-1.73314
mV040,5,0.039957,0.16394,0.021553,0.046343,-0.180401,0.024486,-0.274839,-0.143817,0.505446,0.115999,-0.199472,0.390523,-0.059304,-0.149861,0.08895,-0.256687,0.148424,0.51034,0.132539,0.150205,0.383163,-0.052058,0.134494,0.087369,8.116611,109.302994,0.853014,-6.272331,104.361168,-2.558811
mV040,6,0.040852,0.165114,0.021203,0.045909,-0.179901,0.024492,-0.270288,-0.129196,0.508009,0.118728,-0.188292,0.390808,-0.059253,-0.148858,0.089506,-0.258065,0.163582,0.519333,0.128672,0.168237,0.38568,-0.050974,0.136005,0.08743,8.149013,109.263794,0.766402,-6.473753,102.619339,-2.629591
mV040,7,0.040217,0.164586,0.022288,0.044098,-0.18247,0.026538,-0.277603,-0.138699,0.539546,0.101063,-0.204603,0.397377,-0.06248,-0.15305,0.089983,-0.260034,0.153913,0.544077,0.119256,0.159363,0.390475,-0.05271,0.13458,0.086551,8.402816,103.654091,-0.14373,-7.003849,98.153694,-2.651045
mV040,8,0.040509,0.164553,0.022356,0.044794,-0.1805,0.025118,-0.281605,-0.135775,0.515909,0.108905,-0.186138,0.394912,-0.060883,-0.149068,0.089102,-0.26592,0.155431,0.524577,0.120493,0.155767,0.389872,-0.052824,0.135122,0.086296,8.45386,107.38475,-0.127562,-6.861484,100.806854,-1.726524
mV040,9,0.03926,0.164322,0.022508,0.04442,-0.182554,0.025482,-0.269199,-0.136228,0.53534,0.112939,-0.190304,0.393712,-0.061352,-0.1507,0.089099,-0.253351,0.155258,0.539551,0.126843,0.157068,0.386854,-0.052859,0.134272,0.087904,8.588722,104.548004,-0.749113,-6.949703,99.570168,-1.96422
mV040,10,0.04003,0.163467,0.022102,0.044021,-0.182499,0.025358,-0.279119,-0.126269,0.519141,0.10765,-0.191381,0.395696,-0.061514,-0.149723,0.0889,-0.253698,0.164886,0.517846,0.132309,0.157732,0.384054,-0.052436,0.134244,0.087383,8.351503,106.813965,0.158766,-6.690487,102.726379,-1.581993
mV042,1,-0.002575,0.263455,0.030182,-0.031454,-0.200106,0.023259,-0.396124,-0.105879,0.476209,0.097121,-0.173507,0.543283,-0.138905,-0.156514,0.103779,-0.420569,0.15647,0.473128,0.090872,0.272694,0.522684,-0.139869,0.219416,0.100303,2.101358,122.076233,14.361546,0.035717,119.229439,-6.143895
mV042,2,-0.003243,0.265908,0.030679,-0.031339,-0.200994,0.021399,-0.381261,-0.122249,0.499205,0.114873,-0.17982,0.53463,-0.135689,-0.152976,0.103466,-0.416074,0.137394,0.506733,0.08354,0.286465,0.526313,-0.139945,0.221204,0.101533,2.772223,120.219551,14.249483,-0.443513,115.043938,-6.112751
mV042,3,-0.003138,0.265548,0.029835,-0.0311,-0.201698,0.021334,-0.383596,-0.123909,0.472596,0.113156,-0.189639,0.535377,-0.135934,-0.155274,0.1037,-0.410356,0.135079,0.471291,0.094434,0.277607,0.521311,-0.138684,0.218293,0.10125,2.540991,123.349968,13.109119,-0.095361,119.813965,-5.820775
mV042,4,-0.003549,0.266779,0.031446,-0.031465,-0.201485,0.02119,-0.384438,-0.12472,0.477024,0.113483,-0.18295,0.535772,-0.135805,-0.154721,0.103989,-0.417512,0.133441,0.476972,0.082623,0.288678,0.526902,-0.139772,0.220391,0.102138,2.7163,122.847214,13.07666,-0.348128,118.693481,-5.594654
mV042,5,-0.00325,0.267562,0.032731,-0.031548,-0.203716,0.023664,-0.402154,-0.116876,0.463332,0.089698,-0.194114,0.546514,-0.138534,-0.157314,0.103228,-0.425057,0.14034,0.462114,0.07339,0.295145,0.52867,-0.140504,0.220301,0.100803,2.199274,123.223106,13.661905,0.223839,119.881737,-6.326822
mV042,6,-0.003473,0.268773,0.034134,-0.030875,-0.204637,0.023593,-0.408434,-0.129104,0.459723,0.083566,-0.201777,0.54817,-0.13805,-0.156082,0.101602,-0.429394,0.127205,0.458593,0.064646,0.289164,0.532631,-0.14117,0.219263,0.099665,2.75539,122.86631,13.010444,0.212218,119.419891,-6.39927
mV042,7,-0.0024,0.268149,0.032727,-0.031745,-0.205865,0.024203,-0.410963,-0.121868,0.461509,0.07982,-0.203866,0.549521,-0.138909,-0.157121,0.102111,-0.424973,0.135854,0.459684,0.075395,0.281443,0.528341,-0.139221,0.216631,0.098545,2.421142,122.707352,13.577105,0.007067,119.521645,-6.041375
mV042,8,-0.002969,0.268782,0.03053,-0.031623,-0.206698,0.023003,-0.392546,-0.111814,0.451364,0.095034,-0.215541,0.542381,-0.136204,-0.155635,0.102909,-0.406778,0.141192,0.450736,0.088692,0.310261,0.520365,-0.137146,0.217902,0.10204,1.952712,125.138763,13.145556,0.460193,122.640472,-6.172496
mV042,9,-0.002943,0.271515,0.030284,-0.030334,-0.205608,0.021787,-0.388725,-0.12246,0.441884,0.104724,-0.201245,0.537887,-0.134288,-0.151873,0.100753,-0.411086,0.131435,0.443161,0.077877,0.315306,0.524432,-0.135665,0.215457,0.100628,1.943643,126.327782,12.655862,0.688409,122.849434,-6.46509
mV042,10,-0.001906,0.26924,0.030581,-0.030649,-0.207511,0.022385,-0.392908,-0.117993,0.433775,0.096443,-0.21184,0.541636,-0.13452,-0.153288,0.101127,-0.411581,0.137168,0.433503,0.085689,0.30073,0.522203,-0.135621,0.214194,0.099837,1.883673,126.974365,12.470271,0.336212,123.894646,-5.781013
mV044,1,-0.059691,0.219434,0.018529,-0.057936,-0.20404,0.013015,-0.360894,-0.115003,0.57496,0.01653,-0.171597,0.359342,-0.151769,-0.17669,0.072683,-0.353925,0.136091,0.567845,0.023119,0.171265,0.374951,-0.153151,0.192828,0.076059,1.825742,99.757156,8.532854,0.186716,100.634911,-10.740976
mV044,2,-0.059358,0.218976,0.018305,-0.058377,-0.204358,0.01305,-0.364308,-0.118887,0.566909,0.017255,-0.178248,0.358748,-0.151629,-0.176429,0.073356,-0.353751,0.132426,0.558929,0.0257,0.17312,0.373778,-0.152184,0.190931,0.076177,1.583167,101.426994,8.883484,0.713855,102.211128,-11.599657
mV044,3,-0.05922,0.220896,0.019259,-0.058614,-0.206048,0.014162,-0.378121,-0.114898,0.557565,0.006805,-0.183543,0.364095,-0.152441,-0.177016,0.07304,-0.373225,0.13467,0.558152,0.009128,0.187621,0.382508,-0.152976,0.191474,0.074906,1.446021,101.754128,9.386699,0.533073,100.933762,-12.278131
mV044,4,-0.059502,0.220342,0.019459,-0.058243,-0.207112,0.014553,-0.38047,-0.110688,0.581899,-0.005689,-0.188131,0.370296,-0.152528,-0.176806,0.072041,-0.368232,0.139306,0.576397,0.007002,0.177505,0.383161,-0.153705,0.191676,0.074744,2.006992,96.837677,9.655407,-0.356048,97.913612,-11.148632
mV044,5,-0.05927,0.220642,0.019141,-0.058131,-0.208853,0.01463,-0.376731,-0.115895,0.589203,-0.006527,-0.198247,0.370625,-0.152622,-0.179333,0.072189,-0.362033,0.133972,0.581427,0.009356,0.179249,0.382308,-0.15328,0.192195,0.074865,2.152993,95.802048,9.482165,-0.461921,97.262657,-11.496729
mV044,6,-0.059023,0.220794,0.019062,-0.058025,-0.208456,0.014472,-0.371174,-0.117737,0.594868,-0.005574,-0.200042,0.370475,-0.152607,-0.178481,0.071644,-0.359177,0.131848,0.581561,0.009987,0.185847,0.382872,-0.152621,0.190844,0.074693,2.300264,94.740494,9.25192,-0.405877,97.202927,-12.117405
mV044,7,-0.059284,0.220275,0.019159,-0.05802,-0.208168,0.014476,-0.377258,-0.109637,0.575411,-0.001974,-0.191717,0.368857,-0.152041,-0.176939,0.071904,-0.36569,0.139638,0.569698,0.011075,0.18142,0.381558,-0.153106,0.190646,0.074585,1.894308,97.948952,9.453841,-0.064298,99.179497,-11.19726
mV044,8,-0.059236,0.220649,0.018704,-0.057826,-0.208471,0.014469,-0.366919,-0.115614,0.581057,0.002291,-0.198598,0.36691,-0.152049,-0.177481,0.071692,-0.354117,0.133227,0.575799,0.015665,0.188608,0.379728,-0.152437,0.190865,0.075085,1.957017,97.254692,9.636191,0.035971,98.667442,-12.743155
mV044,9,-0.059429,0.221203,0.01894,-0.058317,-0.208678,0.013352,-0.356978,-0.123281,0.5844,0.011939,-0.195479,0.362348,-0.151325,-0.178735,0.073067,-0.34987,0.126064,0.581966,0.017214,0.18035,0.378814,-0.152673,0.191075,0.075066,1.981052,98.121346,8.652059,-0.445913,97.598221,-10.987143
mV044,10,-0.05913,0.221277,0.018781,-0.05795,-0.209034,0.013559,-0.368089,-0.125099,0.562387,0.009066,-0.203532,0.363147,-0.15088,-0.17794,0.072806,-0.363686,0.123411,0.555149,0.013271,0.191373,0.380901,-0.152338,0.190731,0.074742,1.418459,101.093948,9.953252,0.93472,101.421959,-13.727388
mV045,1,0.071058,0.207944,0.011565,0.054607,-0.203146,0.012054,-0.229346,-0.131943,0.539676,0.202161,-0.140823,0.442414,-0.05768,-0.167185,0.094037,-0.252036,0.137441,0.570184,0.189443,0.180695,0.434755,-0.0475,0.181497,0.097327,5.835401,105.82708,-13.941933,-1.69007,101.97345,-12.608087
mV045,2,0.070915,0.20927,0.011954,0.054873,-0.204861,0.012255,-0.227506,-0.146913,0.528856,0.205594,-0.151779,0.441143,-0.057362,-0.16883,0.094277,-0.261051,0.121203,0.554786,0.183056,0.182733,0.437973,-0.048048,0.180946,0.096549,6.304407,107.210876,-14.877368,-1.283641,103.399384,-13.042802
mV045,3,0.07091,0.210095,0.012673,0.054514,-0.205979,0.012887,-0.241991,-0.148169,0.530123,0.191465,-0.158295,0.449121,-0.058776,-0.16876,0.092905,-0.271951,0.120046,0.555637,0.171396,0.183717,0.443395,-0.049223,0.18062,0.095196,6.120671,106.238464,-14.69674,-1.421271,102.397346,-13.393649
mV045,4,0.070871,0.210455,0.012268,0.054179,-0.205467,0.012782,-0.227884,-0.143812,0.547983,0.199749,-0.150445,0.443719,-0.058608,-0.168593,0.093664,-0.25659,0.123957,0.581473,0.177784,0.190365,0.441454,-0.048371,0.181659,0.09631,5.799377,104.295113,-14.433865,-2.099835,99.536751,-13.144162
mV045,5,0.070759,0.210507,0.01214,0.05431,-0.205854,0.012422,-0.231825,-0.137348,0.525517,0.200335,-0.156249,0.444217,-0.057591,-0.167283,0.093742,-0.262213,0.130409,0.561396,0.179314,0.193671,0.439847,-0.04816,0.181399,0.096529,6.154154,107.406784,-14.361395,-1.561388,102.463661,-12.722754
mV045,6,0.070835,0.20963,0.011606,0.05429,-0.205814,0.012461,-0.229359,-0.134923,0.526127,0.204164,-0.15005,0.441521,-0.057222,-0.1665,0.09396,-0.254286,0.133541,0.559859,0.189764,0.179688,0.434499,-0.047385,0.181594,0.09733,6.287226,107.49147,-14.721356,-1.754481,103.189369,-11.303242
mV045,7,0.070959,0.209015,0.010964,0.054604,-0.204398,0.011682,-0.213961,-0.141728,0.515406,0.221602,-0.144273,0.430807,-0.054986,-0.16435,0.095401,-0.243848,0.126407,0.549356,0.200728,0.186372,0.428918,-0.045306,0.179697,0.098905,6.840228,109.800583,-15.396558,-0.790451,105.643852,-13.036659
mV045,8,0.071069,0.208907,0.011507,0.054567,-0.205872,0.012331,-0.22838,-0.137121,0.514375,0.207456,-0.150617,0.439788,-0.056262,-0.164481,0.093733,-0.25619,0.131725,0.546205,0.192476,0.1756,0.432135,-0.046945,0.179062,0.096905,6.670878,109.047935,-15.223432,-1.111057,105.193947,-12.258735
mV045,9,0.070845,0.209205,0.010382,0.054651,-0.205465,0.011749,-0.209674,-0.134787,0.508504,0.226156,-0.149721,0.429052,-0.054007,-0.164169,0.096075,-0.23476,0.133767,0.538279,0.212201,0.192062,0.424385,-0.043063,0.179025,0.101073,6.832528,111.003151,-14.975739,-0.593556,108.053726,-12.023168
mV045,10,0.070749,0.209708,0.011153,0.054694,-0.206682,0.012245,-0.226668,-0.142328,0.48344,0.215048,-0.154603,0.435144,-0.055273,-0.164173,0.094238,-0.256855,0.125821,0.514798,0.19764,0.179683,0.429731,-0.045879,0.178526,0.097965,7.443853,113.516548,-15.58877,-0.469643,109.659279,-11.455225
mV046,1,-0.08069,0.231566,0.014722,-0.093929,-0.237279,0.01191,-0.343528,-0.127347,0.573054,0.00518,-0.205323,0.396016,-0.194936,-0.195217,0.085131,-0.337926,0.138054,0.536358,0.015284,0.215452,0.404838,-0.181319,0.206365,0.092273,2.300199,94.496834,-1.314407,-10.98281,102.759178,6.120963
mV046,2,-0.081239,0.232664,0.014532,-0.094612,-0.238521,0.011656,-0.337717,-0.144639,0.576838,0.010255,-0.207713,0.392678,-0.195025,-0.196317,0.085608,-0.344408,0.1207,0.540056,0.005213,0.208484,0.405638,-0.18289,0.200793,0.088198,2.38629,94.290123,-2.269709,-11.161035,100.200157,7.951875
mV046,3,-0.081085,0.233823,0.014555,-0.095002,-0.241105,0.011318,-0.336767,-0.141374,0.55823,0.013057,-0.223173,0.391315,-0.193186,-0.194908,0.085874,-0.345174,0.122227,0.525612,0.006144,0.220293,0.405883,-0.181991,0.201038,0.088843,2.208738,97.392548,-2.351196,-11.117118,103.051003,6.684233
mV046,4,-0.081225,0.235307,0.01587,-0.094752,-0.241886,0.012692,-0.363783,-0.146904,0.562637,-0.007665,-0.215012,0.400611,-0.196453,-0.196245,0.08274,-0.371578,0.116256,0.534341,-0.023019,0.220749,0.415624,-0.185523,0.200184,0.084161,2.384552,94.859619,-2.638542,-10.939702,98.79464,7.212801
mV046,5,-0.080709,0.235386,0.015233,-0.095102,-0.241901,0.012335,-0.364751,-0.144503,0.544039,-0.003663,-0.217292,0.398649,-0.195772,-0.195409,0.083307,-0.370545,0.118488,0.517197,-0.01709,0.224316,0.413851,-0.183333,0.197954,0.084821,2.203761,98.139671,-2.64465,-11.232551,102.025574,7.568709
mV046,6,-0.080506,0.234643,0.014976,-0.095155,-0.241325,0.011481,-0.340981,-0.146217,0.549398,0.015426,-0.215039,0.390688,-0.193552,-0.196014,0.0863,-0.354899,0.117025,0.519114,-0.003181,0.224459,0.410079,-0.181772,0.199192,0.087527,2.332932,98.741478,-3.706604,-11.037715,103.336807,6.2451
mV046,7,-0.080626,0.234308,0.015164,-0.095287,-0.241363,0.011776,-0.352779,-0.145508,0.543949,0.008433,-0.209177,0.393054,-0.194503,-0.194452,0.084498,-0.366182,0.119418,0.51546,-0.008159,0.211113,0.410296,-0.183281,0.198055,0.085327,2.44175,98.79187,-4.409033,-11.246995,102.757019,7.381395
mV046,8,-0.079933,0.233739,0.014555,-0.095225,-0.241563,0.011612,-0.341917,-0.14784,0.552612,0.012038,-0.226297,0.391601,-0.19345,-0.19504,0.085912,-0.336129,0.115966,0.517637,0.020309,0.198767,0.401026,-0.177695,0.19411,0.089703,2.307294,98.154419,-3.368304,-12.281303,103.947456,11.296534
mV046,9,-0.080336,0.234653,0.014308,-0.094701,-0.241715,0.011541,-0.337162,-0.145255,0.550742,0.016414,-0.222784,0.3903,-0.192299,-0.194177,0.086024,-0.338107,0.118332,0.521393,0.014575,0.212334,0.403536,-0.1791,0.197885,0.0896,2.336505,98.491188,-3.663392,-11.501172,103.820305,8.149583
mV046,10,-0.080684,0.235247,0.014907,-0.095407,-0.242601,0.012138,-0.345145,-0.14804,0.567289,0.004775,-0.22168,0.395526,-0.195383,-0.198002,0.085273,-0.353614,0.11499,0.541032,-0.008688,0.22269,0.411207,-0.182844,0.199869,0.086231,2.490071,95.134964,-3.942604,-10.823306,99.290184,6.198683
mV056,1,0.032678,0.283933,0.02409,0.039528,-0.26811,0.013557,-0.213602,-0.130715,0.559971,0.176518,-0.22034,0.387996,-0.067932,-0.228966,0.084077,-0.239215,0.128649,0.569986,0.152147,0.251534,0.399129,-0.075383,0.25165,0.083466,3.887658,105.897499,3.274389,-5.984545,106.599068,-3.618422
mV056,2,0.032719,0.284074,0.023162,0.039297,-0.267623,0.013674,-0.215057,-0.115717,0.52908,0.183696,-0.212855,0.38174,-0.067124,-0.226165,0.084444,-0.237557,0.143148,0.52156,0.165822,0.26335,0.390029,-0.073332,0.249003,0.084547,3.324022,110.340912,3.647757,-5.841312,114.441612,-3.029519
mV056,3,0.033002,0.284906,0.024104,0.039413,-0.268617,0.013949,-0.227949,-0.121614,0.520813,0.172258,-0.223314,0.390597,-0.06765,-0.226892,0.083586,-0.259121,0.137714,0.52401,0.144459,0.269633,0.403596,-0.073934,0.247256,0.082346,3.229332,110.908432,3.733258,-5.61634,112.767281,-3.697357
mV056,4,0.033656,0.285109,0.024091,0.040534,-0.269104,0.014068,-0.224094,-0.129814,0.578349,0.163916,-0.213166,0.396757,-0.067926,-0.227846,0.081796,-0.251192,0.128005,0.580045,0.139329,0.246889,0.407446,-0.074675,0.248623,0.080466,4.336775,102.189018,2.757593,-6.544939,103.687431,-2.095079
mV056,5,0.033316,0.284918,0.024122,0.040139,-0.269281,0.014099,-0.236259,-0.130577,0.550163,0.162232,-0.220242,0.398083,-0.067917,-0.227666,0.082252,-0.26235,0.127421,0.545593,0.139919,0.248014,0.406657,-0.074379,0.246949,0.080735,4.004578,106.252808,2.804137,-6.475657,108.614021,-1.973953
mV056,6,0.033424,0.285476,0.024646,0.040796,-0.270765,0.01497,-0.25456,-0.123712,0.574687,0.138596,-0.222613,0.412671,-0.068705,-0.22795,0.080002,-0.275027,0.134795,0.567753,0.124813,0.246703,0.415071,-0.07541,0.247753,0.079208,4.196935,101.266403,3.696791,-6.682211,104.508499,-1.549225
mV056,7,0.033343,0.284687,0.024168,0.040608,-0.270713,0.014777,-0.241709,-0.119314,0.585796,0.145963,-0.21726,0.408503,-0.068417,-0.2276,0.080409,-0.259178,0.13875,0.575944,0.137423,0.241255,0.407625,-0.075208,0.247671,0.079766,4.378055,100.00428,3.367071,-6.745983,104.130615,-1.338052
mV056,8,0.033481,0.285467,0.024616,0.040349,-0.270497,0.014459,-0.24241,-0.131079,0.58371,0.146071,-0.225572,0.40905,-0.068301,-0.227954,0.081079,-0.267414,0.127289,0.576423,0.126927,0.244974,0.414223,-0.074971,0.246574,0.079118,4.172957,100.796974,4.011171,-6.599044,103.272018,-1.925069
mV056,9,0.033559,0.286069,0.025073,0.040364,-0.271553,0.015562,-0.257434,-0.121768,0.602339,0.126284,-0.223239,0.418971,-0.069373,-0.227487,0.079348,-0.277082,0.136459,0.59356,0.116648,0.241499,0.419326,-0.075484,0.246751,0.078069,4.635595,96.665764,3.511238,-6.997537,100.079445,-0.29194
mV056,10,0.033952,0.286255,0.024774,0.040541,-0.270651,0.014386,-0.237569,-0.131241,0.589809,0.147878,-0.222611,0.40816,-0.068229,-0.228044,0.080765,-0.265402,0.126423,0.581918,0.123758,0.252463,0.416895,-0.074421,0.246774,0.079008,4.317652,99.815842,3.756865,-6.537715,102.294601,-2.25489